ID,Node1,Node2,Length,Diameter,Roughness,MinorLoss,Status;
0,1272,1266,41.412884,60,137,0,Open,;
1,509,2568,4.608553,60,137,0,Open,;
2,2566,2567,3.41083,60,137,0,Open,;
4,2754,2640,75.732263,50,50,0,Open,;
6,1813,2734,34.226609,150,131,0,Open,;
10,846,509,51.046847,60,137,0,Open,;
11,848,2566,49.04324,60,137,0,Open,;
14,1970,2736,267.673185,60,137,0,Open,;
15,2730,2731,1.822372,75,130,0,Open,;
16,1634,2728,0.999996,85,137,0,Open,;
17,2728,2729,9.125893,85,137,0,Open,;
18,1277,1272,53.564369,60,137,0,Open,;
19,1283,1277,50.537219,60,137,0,Open,;
20,2561,2562,0.506903,60,137,0,Open,;
21,1907,2731,1.822401,75,130,0,Open,;
22,PM1.DMC.BRZ.022,2715,4.211021,150,131,0,Open,;
23,2520,2521,24.548797,63,140,0,Open,;
24,2519,2520,33.421113,63,140,0,Open,;
25,2518,2519,30.504499,63,140,0,Open,;
26,2512,2513,20.873314,63,140,0,Open,;
27,2514,2515,25.807023,63,140,0,Open,;
28,2515,2516,29.284875,63,140,0,Open,;
29,2516,2517,28.897196,63,140,0,Open,;
30,2517,2518,25.178957,63,140,0,Open,;
31,2521,2522,29.879888,63,140,0,Open,;
32,2513,2514,31.011333,63,140,0,Open,;
33,2522,2523,30.437446,63,140,0,Open,;
34,2527,2528,27.323049,63,140,0,Open,;
35,2524,2525,18.284826,63,140,0,Open,;
36,2547,2549,11.046528,63,140,0,Open,;
37,2547,2548,1.993631,63,140,0,Open,;
38,2546,2547,1.153416,63,140,0,Open,;
39,PM1.UDA.BRZ.003,2546,19.144806,63,140,0,Open,;
40,2544,PM1.UDA.BRZ.003,32.085553,63,140,0,Open,;
41,2543,2544,29.647438,63,140,0,Open,;
42,2542,2543,20.522518,63,140,0,Open,;
43,2541,2542,34.026967,63,140,0,Open,;
44,2540,2541,17.324762,63,140,0,Open,;
45,2539,2540,12.884339,63,140,0,Open,;
46,2538,2539,20.890425,63,140,0,Open,;
47,2537,2538,38.130622,63,140,0,Open,;
48,2536,2537,26.320021,63,140,0,Open,;
49,2535,2536,33.05523,63,140,0,Open,;
50,2534,2535,22.095726,63,140,0,Open,;
51,2533,2534,28.831775,63,140,0,Open,;
52,2532,2533,29.676499,63,140,0,Open,;
53,2531,2532,10.25145,63,140,0,Open,;
54,2530,2531,10.366028,63,140,0,Open,;
55,2529,2530,31.052069,63,140,0,Open,;
56,2528,2529,15.874185,63,140,0,Open,;
57,2511,2512,22.999972,63,140,0,Open,;
58,2526,2527,39.249489,63,140,0,Open,;
59,2523,2524,32.679181,63,140,0,Open,;
60,2510,2511,24.482487,63,140,0,Open,;
61,2525,2526,29.662093,63,140,0,Open,;
62,2508,2509,27.385666,63,140,0,Open,;
63,2509,2510,23.898952,63,140,0,Open,;
64,842,2508,27.955255,63,140,0,Open,;
65,2414,2415,13.539839,85,135,0,Open,;
66,2392,2393,19.127574,60,135,0,Open,;
67,2391,2392,13.855735,60,135,0,Open,;
68,2324,2391,13.998603,60,135,0,Open,;
69,2389,2390,18.601093,60,135,0,Open,;
70,2388,2389,16.72011,60,135,0,Open,;
71,2386,2387,23.496046,60,135,0,Open,;
72,2385,2386,11.815558,60,135,0,Open,;
73,2383,2384,49.654216,60,135,0,Open,;
74,2381,2380,39.086655,60,135,0,Open,;
75,2380,2257,57.758454,60,135,0,Open,;
76,2257,2337,55.607998,60,135,0,Open,;
77,2379,2374,7.154637,60,135,0,Open,;
78,2377,2378,27.437874,60,135,0,Open,;
79,2376,2318,18.784979,110,135,0,Open,;
80,2334,2376,20.300317,110,135,0,Open,;
81,2369,2394,16.487881,60,135,0,Open,;
82,2382,2383,33.087233,60,135,0,Open,;
83,2395,2396,15.213248,60,135,0,Open,;
84,2396,2397,26.058675,60,135,0,Open,;
85,2293,2413,16.42653,85,135,0,Open,;
86,2293,2282,21.357335,85,135,0,Open,;
87,2409,2412,70.697113,60,135,0,Open,;
88,2415,2416,14.010383,85,135,0,Open,;
89,2411,2410,35.351851,60,135,0,Open,;
90,2409,2410,32.53686,60,135,0,Open,;
91,2408,2271,35.996104,85,135,0,Open,;
92,2406,2407,21.005228,85,135,0,Open,;
93,2405,2406,17.93554,85,135,0,Open,;
94,2404,2405,22.16749,85,135,0,Open,;
95,2403,2404,18.893618,85,135,0,Open,;
96,2402,2403,23.287309,85,135,0,Open,;
97,2413,2414,14.105561,85,135,0,Open,;
98,2401,2402,19.925587,85,135,0,Open,;
99,2399,2400,13.476257,60,135,0,Open,;
100,2398,2399,16.308076,60,135,0,Open,;
101,2397,2398,21.814325,60,135,0,Open,;
102,2394,2395,16.250479,60,135,0,Open,;
103,2416,2297,9.51807,85,135,0,Open,;
104,2342,2343,14.209464,60,135,0,Open,;
105,2418,2371,10.063093,60,135,0,Open,;
106,2435,2436,24.634844,60,135,0,Open,;
107,2436,2437,10.733006,60,135,0,Open,;
108,2437,2418,18.016933,60,135,0,Open,;
109,2438,2385,39.117952,60,135,0,Open,;
110,2410,2268,38.457235,60,135,0,Open,;
111,2270,2268,55.300073,60,135,0,Open,;
112,2267,2439,54.759536,60,135,0,Open,;
113,2411,2440,61.46445,60,135,0,Open,;
114,2440,2408,68.434441,60,135,0,Open,;
115,2434,2435,10.340457,60,135,0,Open,;
116,2433,2417,19.364204,110,135,0,Open,;
117,2441,2442,7.298295,60,135,0,Open,;
118,2442,2443,13.6613,60,135,0,Open,;
119,2443,2444,20.023159,60,135,0,Open,;
120,2444,2387,18.226005,60,135,0,Open,;
121,2418,2445,16.959873,60,135,0,Open,;
122,2445,2331,18.652233,60,135,0,Open,;
123,2368,2446,27.351406,60,135,0,Open,;
124,2446,2401,25.205486,60,135,0,Open,;
125,2331,2447,12.466099,110,135,0,Open,;
126,2340,PM1.PCM.BRZ.004,11.657944,60,135,0,Open,;
127,2433,2434,19.334232,60,135,0,Open,;
128,2432,2336,22.726153,60,135,0,Open,;
129,2431,2432,30.016913,60,135,0,Open,;
130,2419,2289,93.8696,60,135,0,Open,;
131,2381,2419,52.828424,60,135,0,Open,;
132,2375,2334,16.243516,110,135,0,Open,;
133,2400,2420,9.047365,85,135,0,Open,;
134,2420,2368,25.03291,85,135,0,Open,;
137,2423,2387,38.330803,60,135,0,Open,;
138,2304,2302,54.482516,60,135,0,Open,;
139,2424,2290,93.08087,60,135,0,Open,;
140,2380,2424,54.267534,60,135,0,Open,;
141,2424,2419,37.972851,60,135,0,Open,;
142,2254,2424,59.305818,60,135,0,Open,;
143,2255,2339,34.813726,60,135,0,Open,;
144,2407,2425,19.848256,60,135,0,Open,;
145,2425,2426,4.556643,60,135,0,Open,;
146,2426,2427,15.346545,60,135,0,Open,;
147,2427,2362,12.877071,60,135,0,Open,;
148,2428,2429,15.630156,60,135,0,Open,;
149,2429,2430,27.877086,60,135,0,Open,;
150,2430,2390,14.662391,60,135,0,Open,;
151,2417,PM1.PCM.BRZ.004,13.649249,60,135,0,Open,;
152,2374,2375,15.605801,110,135,0,Open,;
153,2362,2363,23.679535,60,135,0,Open,;
154,2370,2371,13.930458,60,135,0,Open,;
157,2252,2253,74.244371,60,135,0,Open,;
158,2253,2229,16.244221,60,135,0,Open,;
159,2254,2255,36.414516,60,135,0,Open,;
160,2256,2254,18.650076,60,135,0,Open,;
161,2257,2256,35.583584,60,135,0,Open,;
162,2258,2259,32.867388,60,135,0,Open,;
163,2259,2260,31.446491,60,135,0,Open,;
164,2261,2262,13.075888,60,135,0,Open,;
165,2262,2263,17.187404,60,135,0,Open,;
166,2263,2264,26.173698,60,135,0,Open,;
167,2264,2265,20.934872,60,135,0,Open,;
168,2265,2266,26.434928,60,135,0,Open,;
169,2250,2251,15.503889,60,135,0,Open,;
170,2267,2268,67.702963,60,135,0,Open,;
171,2271,2270,36.000052,60,135,0,Open,;
172,2272,2273,8.138988,110,135,0,Open,;
173,2273,2274,24.436795,110,135,0,Open,;
174,2274,2275,21.705752,110,135,0,Open,;
175,2276,2271,137.802969,85,135,0,Open,;
176,2277,2278,17.642041,60,135,0,Open,;
177,2278,2279,24.627567,60,135,0,Open,;
178,2280,2281,18.045472,60,135,0,Open,;
179,2281,2279,11.485079,60,135,0,Open,;
180,2282,2283,16.711802,85,135,0,Open,;
181,2283,PM1.PCM.BRZ.004,17.065847,85,135,0,Open,;
182,2285,2255,56.319587,60,135,0,Open,;
183,2286,2287,46.101761,60,135,0,Open,;
184,2288,2286,35.970011,60,135,0,Open,;
185,2269,2270,66.810235,60,135,0,Open,;
186,2289,2290,35.09409,60,135,0,Open,;
187,2250,2249,46.984953,60,135,0,Open,;
188,2228,2247,123.782584,60,135,0,Open,;
189,2221,2222,0.668764,60,135,0,Open,;
190,2222,2223,2.052831,60,135,0,Open,;
191,2224,2225,3.971119,60,135,0,Open,;
192,2225,2226,10.875629,60,135,0,Open,;
193,2226,2227,17.196082,60,135,0,Open,;
194,2227,2228,13.503593,60,135,0,Open,;
195,2229,2230,3.716006,60,135,0,Open,;
196,2230,2231,9.954814,60,135,0,Open,;
197,2231,2232,0.830323,60,135,0,Open,;
198,2232,2233,12.841034,60,135,0,Open,;
199,2233,2234,4.39534,60,135,0,Open,;
200,2234,2224,14.494872,60,135,0,Open,;
201,2223,2235,11.98817,60,135,0,Open,;
202,2236,2221,12.799968,110,135,0,Open,;
203,2249,2224,123.609099,60,135,0,Open,;
204,2237,2238,44.950531,60,135,0,Open,;
205,2240,2237,123.40007,60,135,0,Open,;
206,2241,2236,123.288441,110,135,0,Open,;
207,2239,2236,35.662618,110,135,0,Open,;
208,2240,2239,45.000909,110,135,0,Open,;
209,2242,2240,45.034732,110,135,0,Open,;
210,2243,2244,44.958296,60,135,0,Open,;
211,2242,2244,123.846921,60,135,0,Open,;
212,2245,2242,45.179024,60,135,0,Open,;
213,2245,2243,123.199471,60,135,0,Open,;
214,2246,2245,46.704524,60,135,0,Open,;
217,2246,2248,123.589456,60,135,0,Open,;
218,2228,2246,46.699866,60,135,0,Open,;
219,2239,2238,122.900087,60,135,0,Open,;
220,2372,2373,57.884187,60,135,0,Open,;
221,2291,2292,17.369047,60,135,0,Open,;
222,2294,2295,22.877036,60,135,0,Open,;
223,2332,2333,15.168916,110,135,0,Open,;
224,2334,2335,22.459562,110,135,0,Open,;
225,2335,2336,13.23994,110,135,0,Open,;
226,2304,2337,35.298444,60,135,0,Open,;
227,2303,2338,56.177795,60,135,0,Open,;
228,2338,2339,0.037823,60,135,0,Open,;
229,2340,2341,16.908583,60,135,0,Open,;
230,2341,2342,20.121444,60,135,0,Open,;
231,2343,2344,24.022255,60,135,0,Open,;
232,2344,2345,16.545858,60,135,0,Open,;
233,2345,2346,12.854831,60,135,0,Open,;
234,2346,2347,20.624367,60,135,0,Open,;
235,2347,2348,20.999154,60,135,0,Open,;
236,2348,2349,13.691568,60,135,0,Open,;
237,2326,2332,12.211752,110,135,0,Open,;
238,2350,2351,38.921583,60,135,0,Open,;
239,2354,2355,55.847002,60,135,0,Open,;
240,2356,2350,14.965494,60,135,0,Open,;
241,2357,2358,2.27987,110,135,0,Open,;
242,2358,2359,23.822849,110,135,0,Open,;
243,2359,2360,20.161191,110,135,0,Open,;
244,2360,2361,12.668028,110,135,0,Open,;
245,2361,2362,9.26435,110,135,0,Open,;
246,2447,2448,23.531005,110,135,0,Open,;
247,2363,2364,24.905565,60,135,0,Open,;
248,2364,2365,20.217393,60,135,0,Open,;
249,2365,2366,21.025778,60,135,0,Open,;
250,2366,2367,18.776143,60,135,0,Open,;
251,2367,2368,16.73995,60,135,0,Open,;
252,2369,2370,17.554378,60,135,0,Open,;
253,2352,2353,57.490708,60,135,0,Open,;
254,2292,2293,17.362101,60,135,0,Open,;
255,2330,2331,18.566666,110,135,0,Open,;
256,2328,2329,10.494222,110,135,0,Open,;
257,2295,2296,23.229913,60,135,0,Open,;
258,2296,2291,21.023881,60,135,0,Open,;
259,2297,2298,18.307371,60,135,0,Open,;
260,2298,2294,16.540125,60,135,0,Open,;
261,2299,2300,21.03648,60,135,0,Open,;
262,2300,2301,14.126203,60,135,0,Open,;
263,2302,2303,35.4218,60,135,0,Open,;
264,2304,2256,55.094579,60,135,0,Open,;
265,2305,2306,15.807867,60,135,0,Open,;
266,2306,2307,24.036919,60,135,0,Open,;
267,2307,2308,12.537329,60,135,0,Open,;
268,2308,2309,14.713239,60,135,0,Open,;
269,2299,2310,21.09977,60,135,0,Open,;
270,2310,2311,21.626879,60,135,0,Open,;
271,2329,2330,13.746199,110,135,0,Open,;
272,2311,2312,15.407216,60,135,0,Open,;
273,2313,2314,13.886926,60,135,0,Open,;
274,2314,2315,12.862147,60,135,0,Open,;
275,2269,2316,56.76777,60,135,0,Open,;
276,2301,2317,10.726725,110,135,0,Open,;
277,2318,2319,23.937853,110,135,0,Open,;
278,2319,2301,20.141095,110,135,0,Open,;
279,2269,2267,55.600089,60,135,0,Open,;
280,2320,2321,16.382271,60,135,0,Open,;
281,2321,2322,15.394068,60,135,0,Open,;
282,2322,2323,11.686908,60,135,0,Open,;
283,2323,2324,0.984016,60,135,0,Open,;
284,2325,2320,15.97191,60,135,0,Open,;
285,2326,2327,25.189801,110,135,0,Open,;
286,2327,2328,15.551099,110,135,0,Open,;
287,2312,2313,14.245435,60,135,0,Open,;
288,2448,2357,9.549808,110,135,0,Open,;
289,2299,2431,30.127246,60,135,0,Open,;
290,2449,2275,12.376553,110,135,0,Open,;
291,2616,2277,25.317536,60,135,0,Open,;
292,2672,2682,15.454568,60,135,0,Open,;
293,2682,2683,24.016662,60,135,0,Open,;
294,2683,2684,31.708414,60,135,0,Open,;
295,2684,2423,27.34138,60,135,0,Open,;
296,2390,2689,16.526342,60,135,0,Open,;
297,2317,2449,22.918585,110,135,0,Open,;
298,2689,2385,38.684965,60,135,0,Open,;
299,2616,2325,14.417803,60,135,0,Open,;
300,2339,2459,21.414241,60,135,0,Open,;
301,2275,2276,8.534069,85,135,0,Open,;
302,2355,2261,10.521048,60,135,0,Open,;
303,2373,2671,8.829031,60,135,0,Open,;
304,2673,2382,21.531188,60,135,0,Open,;
305,2709,2258,23.796849,60,135,0,Open,;
306,2708,2709,16.583793,60,135,0,Open,;
307,2671,2708,0.054454,60,135,0,Open,;
308,2686,2438,19.350603,60,135,0,Open,;
309,2707,2385,10.113736,60,135,0,Open,;
310,2384,2707,23.489586,60,135,0,Open,;
311,2565,2356,0.161697,60,135,0,Open,;
312,2564,2565,0.237114,60,135,0,Open,;
313,2260,2388,32.415065,60,135,0,Open,;
314,2316,2317,23.526042,60,135,0,Open,;
315,2439,2318,24.759863,60,135,0,Open,;
316,2374,2377,19.332327,60,135,0,Open,;
317,2457,2614,15.170244,60,135,0,Open,;
318,2614,2451,2.450003,60,135,0,Open,;
319,2333,2433,7.494999,110,135,0,Open,;
320,2291,2421,21.398117,60,135,0,Open,;
322,2353,2673,9.361272,60,135,0,Open,;
324,2635,2636,10.564571,110,135,0,Open,;
325,2634,2635,22.518578,110,135,0,Open,;
326,721,2634,15.687411,110,135,0,Open,;
327,711,2632,2.067291,110,135,0,Open,;
328,1923,2630,0.791831,110,135,0,Open,;
329,2631,679,6.293394,110,135,0,Open,;
330,2630,2631,2.811146,110,135,0,Open,;
331,2623,2369,23.63901,60,135,0,Open,;
332,2362,2623,11.1678,60,135,0,Open,;
333,2617,2622,2.29312,110,135,0,Open,;
334,2622,2417,6.307531,110,135,0,Open,;
335,2349,2616,3.427008,60,135,0,Open,;
336,2336,2615,12.194465,110,135,0,Open,;
337,2336,2455,12.518355,60,135,0,Open,;
338,2458,2305,14.522238,60,135,0,Open,;
339,2614,2379,4.168491,60,135,0,Open,;
340,2303,2564,9.588503,60,135,0,Open,;
341,2561,2563,0.426994,60,135,0,Open,;
342,2351,2672,28.236427,60,135,0,Open,;
343,2337,2560,0.986,60,135,0,Open,;
344,2459,2290,58.483883,60,135,0,Open,;
345,2481,2482,94.404148,60,135,0,Open,;
346,2280,2460,21.857247,60,135,0,Open,;
347,2460,2461,20.083493,60,135,0,Open,;
348,2461,2320,25.369815,60,135,0,Open,;
349,2462,2463,20.687023,60,135,0,Open,;
350,2463,2280,23.889346,60,135,0,Open,;
351,2324,2464,10.901594,60,135,0,Open,;
352,2464,2465,22.55988,60,135,0,Open,;
353,2465,2466,15.000673,60,135,0,Open,;
354,2466,2462,18.957227,60,135,0,Open,;
355,2354,2352,55.532329,60,135,0,Open,;
356,2352,2350,34.814519,60,135,0,Open,;
357,2412,2480,1.782138,60,135,0,Open,;
358,2467,2354,34.575454,60,135,0,Open,;
359,2340,2468,18.313228,60,135,0,Open,;
360,2560,2561,8.462414,60,135,0,Open,;
361,2412,2479,1.432317,60,135,0,Open,;
362,2479,2288,20.886098,60,135,0,Open,;
363,2286,2378,93.150124,60,135,0,Open,;
364,2287,2458,31.685088,60,135,0,Open,;
365,2480,2481,6.782984,60,135,0,Open,;
366,2483,2484,33.067305,40,135,0,Open,;
367,2559,2372,0.504309,60,135,0,Open,;
368,2304,2558,0.493397,60,135,0,Open,;
369,2272,2450,16.934584,60,135,0,Open,;
370,2450,2315,18.71724,60,135,0,Open,;
371,2451,2452,13.058319,60,135,0,Open,;
372,2452,2453,13.517092,60,135,0,Open,;
373,2482,2483,18.672054,40,135,0,Open,;
374,2454,2455,22.468851,60,135,0,Open,;
375,2309,2456,17.985036,60,135,0,Open,;
376,2456,2455,17.183698,60,135,0,Open,;
377,2453,2454,16.201957,60,135,0,Open,;
378,2302,2556,0.498509,60,135,0,Open,;
379,2484,2485,5.272377,40,135,0,Open,;
380,2378,2409,36.000098,60,135,0,Open,;
381,2499,2500,16.114399,60,135,0,Open,;
382,2557,2354,0.50112,60,135,0,Open,;
383,2305,2457,20.205796,60,135,0,Open,;
384,2468,2393,16.193928,60,135,0,Open,;
385,2501,2388,19.07933,60,135,0,Open,;
386,2555,2352,0.049243,60,135,0,Open,;
387,2302,2285,0.181376,60,135,0,Open,;
388,2500,2501,22.673159,60,135,0,Open,;
389,1501,1502,26.277525,60,132,0,Open,;
390,1620,1623,137.822587,85,132,0,Open,;
391,1606,165,148.555042,60,132,0,Open,;
392,1499,1494,34.623912,60,132,0,Open,;
393,1498,1500,152.794411,60,132,0,Open,;
394,1622,1634,41.030921,85,132,0,Open,;
395,1623,1632,37.876756,60,132,0,Open,;
396,1491,1501,19.047742,60,132,0,Open,;
397,1498,1499,17.917169,60,132,0,Open,;
398,1622,1627,123.513955,60,132,0,Open,;
399,1564,1607,143.361714,60,132,0,Open,;
400,1619,841,43.559178,60,132,0,Open,;
401,1617,1618,84.893811,85,132,0,Open,;
402,1617,1614,23.471888,85,132,0,Open,;
403,1614,1615,87.80699,60,132,0,Open,;
404,1616,1615,14.881216,60,132,0,Open,;
405,1609,716,34.317031,85,132,0,Open,;
406,1611,1563,171.732167,60,132,0,Open,;
407,1614,1613,11.002836,85,132,0,Open,;
408,1612,1613,75.312743,85,132,0,Open,;
409,1563,1612,12.389027,85,132,0,Open,;
410,1611,1610,55.375442,60,132,0,Open,;
411,1610,1577,93.32058,60,132,0,Open,;
412,1610,1608,54.004767,60,132,0,Open,;
413,1608,1609,93.999863,85,132,0,Open,;
414,1609,1577,53.740223,60,132,0,Open,;
415,1620,840,35.904937,110,132,0,Open,;
416,1607,1608,46.516347,85,132,0,Open,;
417,1621,1619,59.477862,60,132,0,Open,;
418,1504,1505,90.409487,60,132,0,Open,;
419,1567,1564,46.00468,60,132,0,Open,;
420,1502,1498,18.737222,60,132,0,Open,;
421,1632,1631,41.018125,60,132,0,Open,;
422,1631,1621,44.136204,60,132,0,Open,;
423,1633,1627,40.478254,60,132,0,Open,;
424,1627,1621,40.686037,60,132,0,Open,;
425,1632,840,138.204498,60,132,0,Open,;
426,1631,838,138.736158,60,132,0,Open,;
427,1630,73,37.738027,110,132,0,Open,;
428,1628,1629,49.47082,60,132,0,Open,;
429,74,1626,112.800726,60,132,0,Open,;
430,1624,1625,85.100319,60,132,0,Open,;
431,1622,1623,39.878247,85,132,0,Open,;
432,1503,1491,19.711821,60,132,0,Open,;
433,1503,1504,21.66348,60,132,0,Open,;
434,1505,1506,21.235978,60,132,0,Open,;
435,1615,1611,51.764881,60,132,0,Open,;
436,1484,1492,13.353505,60,132,0,Open,;
437,1494,1474,20.580044,85,132,0,Open,;
438,1479,1480,119.977581,60,132,0,Open,;
439,1478,1479,13.654294,60,132,0,Open,;
440,1469,1477,45.513123,110,132,0,Open,;
441,700,1794,25.544505,110,132,0,Open,;
442,1772,1795,27.669145,110,132,0,Open,;
443,1795,1796,21.722671,110,132,0,Open,;
444,1477,476,14.999991,110,132,0,Open,;
445,475,708,14.235476,110,132,0,Open,;
446,1476,1475,52.000087,60,132,0,Open,;
447,1475,1470,90.500139,60,132,0,Open,;
448,1470,1467,64.600136,60,132,0,Open,;
449,1473,1474,35.217812,60,132,0,Open,;
450,1467,1473,17.524562,60,132,0,Open,;
451,1471,1472,7.858681,60,132,0,Open,;
452,663,1478,4.899967,85,132,0,Open,;
453,1470,1471,36.910207,60,132,0,Open,;
454,1467,1468,84.48973,60,132,0,Open,;
455,1465,1466,111.77601,110,132,0,Open,;
456,708,1465,94.048047,110,132,0,Open,;
457,1464,1444,10.455048,110,132,0,Open,;
458,1451,1464,32.398053,110,132,0,Open,;
459,1463,1439,8.164113,110,132,0,Open,;
460,1224,691,29.867892,110,132,0,Open,;
461,1225,1226,38.368638,110,132,0,Open,;
462,1225,691,12.496788,110,132,0,Open,;
463,1227,1228,21.712099,110,132,0,Open,;
464,1229,1230,29.993584,110,132,0,Open,;
465,1444,1463,44.593833,110,132,0,Open,;
466,1462,1437,34.022968,110,132,0,Open,;
467,1439,1462,18.986159,110,132,0,Open,;
468,1468,1469,49.612993,60,132,0,Open,;
469,1635,839,106.44212,110,132,0,Open,;
470,1481,1482,55.175544,85,132,0,Open,;
471,1483,663,24.451244,85,132,0,Open,;
472,1496,1497,14.593457,85,132,0,Open,;
473,1495,1496,72.607987,85,132,0,Open,;
474,1474,1495,46.564654,85,132,0,Open,;
475,1494,1493,4.890026,85,132,0,Open,;
476,1636,1635,42.238868,110,132,0,Open,;
477,1637,751,6.28469,110,132,0,Open,;
478,1493,1476,129.102435,85,132,0,Open,;
479,1476,1484,66.000066,85,132,0,Open,;
480,1492,69,36.747547,60,132,0,Open,;
481,165,1574,49.504589,60,132,0,Open,;
482,751,1638,50.875752,110,132,0,Open,;
483,1633,1634,123.499821,110,132,0,Open,;
484,1630,1633,107.463461,110,132,0,Open,;
485,1639,1630,87.964216,110,132,0,Open,;
486,1482,1483,62.575651,85,132,0,Open,;
487,1640,1639,125.003295,110,132,0,Open,;
488,1490,1491,15.895224,60,132,0,Open,;
489,1489,1490,98.027409,60,132,0,Open,;
490,69,1489,21.141795,60,132,0,Open,;
491,1487,1488,7.510426,85,132,0,Open,;
492,1485,1486,65.960284,60,132,0,Open,;
493,1637,1641,101.864513,110,132,0,Open,;
494,1641,1625,2.071353,110,132,0,Open,;
495,1745,1746,123.713581,50,132,0,Open,;
496,1239,1771,6.024892,110,132,0,Open,;
497,1771,1772,29.213269,110,132,0,Open,;
498,1787,1788,1.139455,100,88,0,Open,;
499,1493,1793,1.556887,85,132,0,Open,;
500,70,1485,24.114408,60,132,0,Open,;
501,1484,1481,43.000077,85,132,0,Open,;
502,1626,1640,40.626408,110,132,0,Open,;
503,1574,1605,148.292965,110,132,0,Open,;
504,1518,1519,84.868782,60,132,0,Open,;
505,1604,719,88.508139,110,132,0,Open,;
506,1523,1528,48.500059,85,132,0,Open,;
507,1528,1529,43.999983,85,132,0,Open,;
508,1529,1532,43.999976,85,132,0,Open,;
509,1532,1539,43.000154,85,132,0,Open,;
510,1539,1543,41.99996,85,132,0,Open,;
511,1543,1547,42.000084,85,132,0,Open,;
512,1547,71,41.999993,85,132,0,Open,;
513,1552,72,25.039412,110,132,0,Open,;
514,1551,1552,67.192858,110,132,0,Open,;
515,117,687,4.459313,110,132,0,Open,;
516,658,1551,20.451028,110,132,0,Open,;
517,1550,71,25.55141,60,132,0,Open,;
518,1549,1550,60.074819,60,132,0,Open,;
519,1548,1549,27.204966,60,132,0,Open,;
520,1546,1547,20.556343,60,132,0,Open,;
521,1545,1546,77.749892,60,132,0,Open,;
522,1544,1545,14.662128,60,132,0,Open,;
523,1542,1543,15.205756,60,132,0,Open,;
524,1541,1542,83.992597,60,132,0,Open,;
525,1540,1541,13.843537,60,132,0,Open,;
526,1538,1539,20.238352,60,132,0,Open,;
527,1537,1538,73.736923,60,132,0,Open,;
528,1536,1537,21.003718,60,132,0,Open,;
529,1534,1535,22.899065,60,132,0,Open,;
530,1533,1534,79.722179,60,132,0,Open,;
531,1532,1533,11.998917,60,132,0,Open,;
532,1531,828,21.688347,60,132,0,Open,;
533,1522,1523,42.400056,85,132,0,Open,;
534,1520,1522,40.399958,85,132,0,Open,;
535,1553,1520,20.699615,85,132,0,Open,;
536,688,1572,11.999071,110,132,0,Open,;
537,1461,114,35.004711,110,132,0,Open,;
538,1554,1553,19.998669,85,132,0,Open,;
539,1516,1554,7.342802,85,132,0,Open,;
540,1535,828,43.999946,85,132,0,Open,;
541,1536,1535,43.999989,85,132,0,Open,;
542,1540,1555,10.20006,85,132,0,Open,;
543,1555,1536,31.565637,85,132,0,Open,;
544,1544,1540,43.046832,85,132,0,Open,;
545,1548,1556,9.199412,85,132,0,Open,;
546,1556,1557,11.662753,85,132,0,Open,;
547,1557,1544,23.179625,85,132,0,Open,;
548,658,1548,36.49971,85,132,0,Open,;
549,72,844,21.818287,85,132,0,Open,;
550,1530,1531,71.929298,60,132,0,Open,;
551,1558,657,34.47388,110,132,0,Open,;
552,1560,1561,31.734182,60,132,0,Open,;
553,1562,1561,9.290316,60,132,0,Open,;
554,1563,1562,94.139862,85,132,0,Open,;
555,1564,1565,96.758248,60,132,0,Open,;
556,1565,1566,23.8448,60,132,0,Open,;
557,1567,1568,144.098752,110,132,0,Open,;
558,716,1567,13.254433,85,132,0,Open,;
559,1569,832,131.408768,110,132,0,Open,;
560,478,1569,53.232708,150,135,0,Open,;
561,1570,478,46.759211,150,135,0,Open,;
562,1571,1570,95.050683,150,135,0,Open,;
563,1568,1560,50.501108,60,132,0,Open,;
564,1572,1568,42.397321,110,132,0,Open,;
565,1559,1558,33.937374,110,132,0,Open,;
566,1529,1530,20.195934,60,132,0,Open,;
567,1527,1528,18.447008,60,132,0,Open,;
568,1526,1527,73.657141,60,132,0,Open,;
569,1510,1480,161.799342,60,132,0,Open,;
570,1487,1510,36.204449,60,132,0,Open,;
571,1480,1486,52.999951,60,132,0,Open,;
572,1486,1507,64.167437,60,132,0,Open,;
573,1507,1503,44.000011,60,132,0,Open,;
574,1508,1509,93.793157,60,132,0,Open,;
575,1507,1508,40.481581,60,132,0,Open,;
576,1591,1589,139.808103,60,132,0,Open,;
577,1590,1592,53.551397,85,132,0,Open,;
578,1593,1590,140.771705,60,132,0,Open,;
579,1586,1582,61.08424,60,132,0,Open,;
580,1588,1586,53.996004,60,132,0,Open,;
581,1594,1588,50.001193,60,132,0,Open,;
582,1497,1511,8.511935,110,132,0,Open,;
583,1594,1595,83.778283,110,132,0,Open,;
584,1591,1596,81.533543,110,132,0,Open,;
585,1593,1591,50.593131,60,132,0,Open,;
586,1593,1597,80.000052,60,132,0,Open,;
587,1598,1593,58.357348,60,132,0,Open,;
588,1560,1599,58.935072,60,132,0,Open,;
589,1599,1600,110.016584,60,132,0,Open,;
590,1600,1601,52.28293,60,132,0,Open,;
591,1602,1598,43.354353,60,132,0,Open,;
592,1603,815,125.966511,110,132,0,Open,;
593,1592,1604,46.54271,85,132,0,Open,;
594,1602,1592,96.318717,60,132,0,Open,;
595,1603,1602,46.49428,60,132,0,Open,;
596,719,1603,7.242465,110,132,0,Open,;
597,1591,1594,51.99785,60,132,0,Open,;
598,1605,1606,49.100759,85,132,0,Open,;
599,1511,1469,43.263412,110,132,0,Open,;
600,1506,1512,14.555053,85,132,0,Open,;
601,824,1526,20.805757,60,132,0,Open,;
602,1573,116,37.494861,150,135,0,Open,;
603,1574,1575,46.922053,110,132,0,Open,;
604,1575,1576,7.94338,110,132,0,Open,;
605,1525,823,20.455373,60,132,0,Open,;
606,1577,1561,158.690317,60,132,0,Open,;
607,1578,1579,11.28629,85,132,0,Open,;
608,894,1580,2.999636,85,132,0,Open,;
609,1581,895,27.998969,85,132,0,Open,;
610,1582,1583,46.338084,60,132,0,Open,;
611,1583,1584,24.111584,60,132,0,Open,;
612,1585,1586,91.584545,60,132,0,Open,;
613,1587,1585,51.929429,85,132,0,Open,;
614,1500,1497,53.70941,110,132,0,Open,;
615,1587,1588,89.387806,60,132,0,Open,;
616,1590,1589,54.460695,85,132,0,Open,;
617,1524,1525,75.126695,60,132,0,Open,;
618,1523,1524,19.137912,60,132,0,Open,;
619,1521,1522,86.618059,60,132,0,Open,;
620,821,1521,28.898332,60,132,0,Open,;
621,1519,1520,8.562303,60,132,0,Open,;
622,822,1518,20.681616,60,132,0,Open,;
623,1517,1515,102.660367,85,132,0,Open,;
624,1515,1516,4.368559,85,132,0,Open,;
625,1509,1506,44.261004,110,132,0,Open,;
626,1514,1500,18.029917,85,132,0,Open,;
627,1513,1514,12.135346,85,132,0,Open,;
628,1512,1513,17.52976,85,132,0,Open,;
629,1589,1587,51.604167,85,132,0,Open,;
630,1437,1461,19.018755,110,132,0,Open,;
631,1627,73,108.035696,60,132,0,Open,;
632,1235,1236,26.748163,150,90,0,Open,;
633,1379,1374,48.039378,85,132,0,Open,;
634,1386,1379,3.0,85,132,0,Open,;
635,1387,1386,9.000055,85,132,0,Open,;
636,66,1387,51.600068,85,132,0,Open,;
637,1388,1389,25.676168,60,132,0,Open,;
638,1389,1390,172.702669,60,132,0,Open,;
639,1390,1391,104.849932,60,132,0,Open,;
640,1391,659,46.237098,60,132,0,Open,;
641,1362,486,3.010828,50,88,0,Open,;
642,1392,497,3.910565,100,88,0,Open,;
643,1361,1392,131.975784,50,88,0,Open,;
644,1393,1394,3.125315,150,90,0,Open,;
645,1385,1370,53.006097,60,132,0,Open,;
646,60,907,6.33124,50,88,0,Open,;
647,1395,1396,80.080963,110,132,0,Open,;
648,1396,1397,131.452292,110,132,0,Open,;
649,1397,64,109.824655,110,132,0,Open,;
650,706,1398,49.797304,150,135,0,Open,;
651,1398,1399,120.005907,150,135,0,Open,;
652,1399,702,87.690191,150,135,0,Open,;
653,1384,659,59.000011,85,132,0,Open,;
654,505,1384,44.000053,85,132,0,Open,;
655,837,506,29.645421,110,132,0,Open,;
656,1400,706,275.629868,150,135,0,Open,;
657,162,1401,47.745691,60,132,0,Open,;
658,1401,1402,12.611513,60,132,0,Open,;
659,703,1395,30.754508,110,132,0,Open,;
660,1374,1385,27.000084,60,132,0,Open,;
661,1383,1384,18.7651,60,132,0,Open,;
662,1382,1383,51.540479,60,132,0,Open,;
663,510,925,22.116772,50,88,0,Open,;
664,847,925,27.53831,50,88,0,Open,;
665,852,1361,27.494076,50,88,0,Open,;
666,1362,497,29.248624,100,88,0,Open,;
667,62,1362,22.111547,100,88,0,Open,;
668,1336,62,30.413321,100,88,0,Open,;
669,849,1363,27.269588,50,88,0,Open,;
670,1364,1365,53.000123,60,132,0,Open,;
671,1364,1366,24.308945,85,132,0,Open,;
672,1366,1367,103.544493,85,132,0,Open,;
673,1367,505,39.058909,85,132,0,Open,;
674,1368,1369,20.015546,110,132,0,Open,;
675,1369,1364,59.620457,110,132,0,Open,;
676,1364,1370,43.079914,60,132,0,Open,;
677,1371,1372,53.638429,60,132,0,Open,;
678,1368,1373,40.35172,60,132,0,Open,;
679,1373,1371,11.515316,60,132,0,Open,;
680,1374,1368,43.000051,85,132,0,Open,;
681,1375,1376,35.55273,60,132,0,Open,;
682,1376,1377,104.299626,60,132,0,Open,;
683,1377,836,27.794944,60,132,0,Open,;
684,1372,1375,78.218344,60,132,0,Open,;
685,1378,1372,49.999956,60,132,0,Open,;
686,1379,1380,27.480557,60,132,0,Open,;
687,1380,1378,121.483089,60,132,0,Open,;
688,1370,1381,10.378768,60,132,0,Open,;
689,1381,1382,86.704329,60,132,0,Open,;
690,1402,1403,7.398621,60,132,0,Open,;
691,1360,1353,19.768353,50,88,0,Open,;
692,1403,1404,10.888485,60,132,0,Open,;
693,162,1406,47.318517,85,132,0,Open,;
694,1433,1434,163.000115,85,132,0,Open,;
695,469,114,10.19967,85,132,0,Open,;
696,471,1435,31.777044,85,132,0,Open,;
697,1435,68,21.856416,85,132,0,Open,;
698,1412,1436,9.499116,110,132,0,Open,;
699,67,163,54.000099,60,132,0,Open,;
700,1437,1438,18.390066,60,132,0,Open,;
701,1438,67,162.551165,60,132,0,Open,;
702,1439,1440,21.490381,60,132,0,Open,;
703,1440,1441,174.578209,60,132,0,Open,;
704,1441,471,10.980478,60,132,0,Open,;
705,1442,473,25.399307,85,132,0,Open,;
706,1432,1428,84.927747,85,132,0,Open,;
707,1442,1443,191.99149,85,132,0,Open,;
708,1445,1446,8.296363,60,132,0,Open,;
709,1447,1445,18.330615,60,132,0,Open,;
710,1442,1445,42.999984,60,132,0,Open,;
711,1447,1448,61.134925,60,132,0,Open,;
712,1448,1449,65.213497,60,132,0,Open,;
713,1449,1450,42.2116,60,132,0,Open,;
714,1450,1451,20.337778,60,132,0,Open,;
715,1452,1453,17.212853,60,132,0,Open,;
716,1453,1454,12.167893,60,132,0,Open,;
717,1454,1455,9.713134,60,132,0,Open,;
718,1455,1456,6.235188,60,132,0,Open,;
719,1456,1447,6.896957,60,132,0,Open,;
720,1443,1444,15.154837,85,132,0,Open,;
721,1431,1432,33.940234,85,132,0,Open,;
722,1430,1427,13.587957,85,132,0,Open,;
723,1429,1430,38.242548,85,132,0,Open,;
724,1405,161,79.000096,60,132,0,Open,;
725,1407,1405,72.500168,60,132,0,Open,;
726,1408,1409,17.520769,60,132,0,Open,;
727,1409,1407,37.931718,60,132,0,Open,;
728,1410,1407,132.50006,60,132,0,Open,;
729,1411,1412,9.797783,110,132,0,Open,;
730,1413,1414,19.811168,110,132,0,Open,;
731,1414,1412,94.195959,110,132,0,Open,;
732,1415,1416,26.421795,85,132,0,Open,;
733,1416,1417,124.054571,85,132,0,Open,;
734,1417,1413,54.093347,85,132,0,Open,;
735,1406,1418,76.087587,85,132,0,Open,;
736,1418,1415,25.084591,85,132,0,Open,;
737,1419,1420,25.879581,60,132,0,Open,;
738,1420,1421,51.681194,60,132,0,Open,;
739,1421,1406,24.346113,60,132,0,Open,;
740,1408,1422,24.1037,60,132,0,Open,;
741,1422,1419,173.897956,60,132,0,Open,;
742,1423,1408,129.500128,60,132,0,Open,;
743,1410,1424,41.230066,60,132,0,Open,;
744,1424,1423,14.798721,60,132,0,Open,;
745,1425,1410,54.056881,85,132,0,Open,;
746,1426,1425,41.831223,110,132,0,Open,;
747,1411,1426,53.380183,110,132,0,Open,;
748,113,745,3.458917,150,135,0,Open,;
749,68,1427,9.545498,85,132,0,Open,;
750,1428,1429,23.53685,85,132,0,Open,;
751,1404,1405,52.500114,60,132,0,Open,;
752,1359,1360,21.387696,50,88,0,Open,;
753,1358,1359,27.058356,50,88,0,Open,;
754,1357,1358,28.839627,50,88,0,Open,;
755,1268,1269,30.353768,60,132,0,Open,;
756,1269,1270,22.424455,60,132,0,Open,;
757,1270,1271,20.48058,60,132,0,Open,;
758,1271,1243,22.469905,60,132,0,Open,;
759,1272,1273,12.961081,60,132,0,Open,;
760,1273,1274,59.270917,60,132,0,Open,;
761,1274,1275,23.290248,60,132,0,Open,;
762,1275,1276,27.162151,60,132,0,Open,;
763,1276,1245,16.443844,60,132,0,Open,;
764,1277,1278,33.009134,60,132,0,Open,;
765,1278,1279,20.592492,60,132,0,Open,;
766,1279,1280,30.205153,60,132,0,Open,;
767,1267,1268,25.857423,60,132,0,Open,;
768,1280,1281,20.302178,60,132,0,Open,;
769,1282,1248,12.906415,60,132,0,Open,;
770,1283,1284,23.234001,60,132,0,Open,;
771,1284,1285,30.180421,60,132,0,Open,;
772,1285,1286,22.70304,60,132,0,Open,;
773,1286,1287,29.491711,60,132,0,Open,;
774,1287,1288,19.734242,60,132,0,Open,;
775,1288,1249,13.587997,60,132,0,Open,;
776,1289,1290,6.200462,75,88,0,Open,;
777,1290,1291,24.40285,75,88,0,Open,;
778,1291,1292,28.223348,75,88,0,Open,;
779,1292,1293,1.681423,75,88,0,Open,;
780,1294,1289,7.528986,75,88,0,Open,;
781,1281,1282,22.044849,60,132,0,Open,;
782,1266,1267,17.216269,60,132,0,Open,;
783,1459,1460,94.380127,60,132,0,Open,;
784,56,1264,6.800471,100,88,0,Open,;
785,1236,49,24.960656,150,90,0,Open,;
786,1237,1238,10.899319,150,90,0,Open,;
787,1238,1235,41.909344,150,90,0,Open,;
788,1239,1237,41.499321,150,90,0,Open,;
789,1240,700,11.743513,110,132,0,Open,;
790,1241,1240,30.258721,110,132,0,Open,;
791,160,1241,32.661269,110,132,0,Open,;
792,1242,1243,12.626629,60,132,0,Open,;
793,1242,1244,23.835624,60,132,0,Open,;
794,1244,1245,4.757639,60,132,0,Open,;
795,1246,1247,0.042738,60,132,0,Open,;
796,1247,1248,10.306976,60,132,0,Open,;
797,588,501,50.945869,150,90,0,Open,;
798,1249,1250,18.700718,60,132,0,Open,;
799,904,1251,36.616734,100,88,0,Open,;
800,1251,1252,19.20926,100,88,0,Open,;
801,1252,1253,17.596761,100,88,0,Open,;
802,1253,1254,22.747288,100,88,0,Open,;
803,1254,1255,22.939608,100,88,0,Open,;
804,1255,1256,20.71188,100,88,0,Open,;
805,1256,1257,24.31526,100,88,0,Open,;
806,1257,1258,21.183997,100,88,0,Open,;
807,1258,1259,43.897751,100,88,0,Open,;
808,1259,1260,28.2245,100,88,0,Open,;
809,1260,1261,16.424788,100,88,0,Open,;
810,1262,1263,42.744643,75,88,0,Open,;
811,918,921,50.867524,75,88,0,Open,;
812,853,1295,23.795221,60,88,0,Open,;
813,1295,1296,16.372592,60,88,0,Open,;
814,1296,1297,23.815998,60,88,0,Open,;
815,1297,1298,29.542524,60,88,0,Open,;
816,466,1332,2.219556,150,90,0,Open,;
817,1333,467,13.138422,150,90,0,Open,;
818,60,1326,30.630246,150,90,0,Open,;
819,1334,59,9.759311,100,88,0,Open,;
820,52,1334,50.608017,100,88,0,Open,;
821,1335,1336,47.985694,100,88,0,Open,;
822,1331,1337,16.695942,150,90,0,Open,;
823,1338,1339,24.512357,50,88,0,Open,;
824,1339,1340,19.013493,50,88,0,Open,;
825,1340,1341,25.936776,50,88,0,Open,;
826,1341,1342,19.893821,50,88,0,Open,;
827,1342,1343,21.435944,50,88,0,Open,;
828,1343,1344,22.921686,50,88,0,Open,;
829,1330,1345,0.69803,50,88,0,Open,;
830,1345,1338,0.827181,50,88,0,Open,;
831,1346,1347,6.824453,50,88,0,Open,;
832,1347,1348,27.205261,50,88,0,Open,;
833,1348,1349,22.450595,50,88,0,Open,;
834,1349,1350,22.159383,50,88,0,Open,;
835,1350,1351,20.389564,50,88,0,Open,;
836,1351,1352,23.388548,50,88,0,Open,;
837,1352,1319,25.179691,50,88,0,Open,;
838,1333,1346,1.979257,50,88,0,Open,;
839,61,1353,2.570503,50,88,0,Open,;
840,1354,1355,11.895171,50,88,0,Open,;
841,1355,1356,20.499328,50,88,0,Open,;
842,1356,1357,17.900364,50,88,0,Open,;
843,466,1330,25.856147,150,90,0,Open,;
844,1460,1452,25.095968,60,132,0,Open,;
845,1330,1331,33.488195,150,90,0,Open,;
846,61,1328,20.052431,150,90,0,Open,;
847,1298,1299,20.744629,60,88,0,Open,;
848,1299,1300,24.144799,60,88,0,Open,;
849,1300,1301,11.184829,60,88,0,Open,;
850,1302,1303,21.152722,60,88,0,Open,;
851,1303,1304,22.984224,60,88,0,Open,;
852,1304,1305,19.471275,60,88,0,Open,;
853,1305,1306,20.338348,60,88,0,Open,;
854,1306,1307,20.846887,60,88,0,Open,;
855,1307,1308,25.506843,60,88,0,Open,;
856,1308,1309,19.748293,60,88,0,Open,;
857,1302,1235,2.989705,60,88,0,Open,;
858,1310,1311,26.087265,60,88,0,Open,;
859,1311,1312,32.649369,60,88,0,Open,;
860,1312,1313,29.870926,60,88,0,Open,;
861,1313,1314,37.422571,60,88,0,Open,;
862,1314,1315,23.76795,60,88,0,Open,;
863,1310,1237,2.594474,60,88,0,Open,;
864,180,1316,7.011762,50,88,0,Open,;
865,1317,180,63.073025,150,90,0,Open,;
866,1318,1317,49.168038,150,90,0,Open,;
867,1319,1320,17.455014,50,88,0,Open,;
868,1796,1797,21.656565,110,132,0,Open,;
869,913,1321,11.566848,50,88,0,Open,;
870,1322,1323,7.205567,100,88,0,Open,;
871,1324,1325,1.934988,200,91,0,Open,;
872,1326,1327,60.221784,100,88,0,Open,;
873,1327,1324,21.229766,100,88,0,Open,;
874,1328,1329,21.317623,150,90,0,Open,;
875,1797,1798,30.575299,110,132,0,Open,;
876,833,834,42.521404,60,132,0,Open,;
877,1799,1800,27.649743,110,132,0,Open,;
878,691,45,3.290318,110,132,0,Open,;
879,116,166,3.702268,60,132,0,Open,;
880,117,694,3.70025,150,135,0,Open,;
881,695,696,129.457956,60,132,0,Open,;
882,700,701,3.823482,60,132,0,Open,;
883,702,703,3.323073,110,132,0,Open,;
884,704,705,3.50201,85,132,0,Open,;
885,706,707,3.796578,110,132,0,Open,;
886,708,709,3.660402,150,135,0,Open,;
887,714,715,2.130023,60,132,0,Open,;
888,716,717,0.87,85,132,0,Open,;
889,717,718,0.594878,85,132,0,Open,;
890,719,720,1.890066,110,132,0,Open,;
891,728,729,20.207006,60,132,0,Open,;
892,729,730,26.591067,60,132,0,Open,;
893,730,731,23.18613,60,132,0,Open,;
894,731,732,21.95219,60,132,0,Open,;
895,50,46,31.354818,150,135,0,Open,;
896,709,743,4.520902,150,135,0,Open,;
897,743,135,1.159424,150,135,0,Open,;
898,115,744,3.570112,150,135,0,Open,;
899,689,690,5.689167,85,132,0,Open,;
900,687,688,25.000102,110,132,0,Open,;
901,663,664,15.500855,85,132,0,Open,;
902,661,662,1.634186,80,88,0,Open,;
903,567,568,23.026778,150,90,0,Open,;
904,568,569,17.628498,150,90,0,Open,;
905,569,570,21.359016,150,90,0,Open,;
906,570,571,5.61277,150,90,0,Open,;
907,571,572,7.232097,150,90,0,Open,;
908,573,574,4.851582,150,90,0,Open,;
909,574,575,35.132922,150,90,0,Open,;
910,575,576,19.432367,150,90,0,Open,;
911,576,577,15.365559,150,90,0,Open,;
912,577,578,24.458271,150,90,0,Open,;
913,745,746,63.878074,150,135,0,Open,;
914,578,579,20.670226,150,90,0,Open,;
915,580,565,20.757101,150,90,0,Open,;
916,581,582,7.248462,150,90,0,Open,;
917,582,587,10.486835,150,90,0,Open,;
918,587,588,21.992829,150,90,0,Open,;
919,589,590,0.332156,150,90,0,Open,;
920,590,591,0.326548,150,90,0,Open,;
921,591,592,0.050267,150,90,0,Open,;
922,592,581,0.608437,150,90,0,Open,;
923,657,658,10.073949,110,132,0,Open,;
924,659,660,9.504751,60,132,0,Open,;
925,579,580,25.301246,150,90,0,Open,;
926,694,747,268.040731,150,135,0,Open,;
929,1639,74,38.167321,60,132,0,Open,;
930,74,1629,42.554854,60,132,0,Open,;
931,73,714,42.63058,110,132,0,Open,;
932,1636,1638,49.069372,110,132,0,Open,;
933,2100,1641,88.344886,110,132,0,Open,;
934,1626,2100,0.636946,110,132,0,Open,;
935,1629,1624,40.054614,60,132,0,Open,;
936,1624,1638,100.026195,60,132,0,Open,;
937,2099,813,32.059942,60,132,0,Open,;
938,1598,2099,49.863536,60,132,0,Open,;
939,1585,2098,54.813979,85,132,0,Open,;
940,1584,1595,49.882611,60,132,0,Open,;
941,2098,1957,0.996092,85,132,0,Open,;
942,1957,689,140.874467,85,132,0,Open,;
943,1582,2097,55.889664,60,132,0,Open,;
944,1579,2096,8.650858,85,132,0,Open,;
945,748,1606,8.837303,85,132,0,Open,;
946,2096,748,11.31633,85,132,0,Open,;
947,2095,1578,3.035694,85,132,0,Open,;
948,2093,2094,2.503884,60,132,0,Open,;
949,813,814,40.200248,60,132,0,Open,;
950,815,813,44.999891,60,132,0,Open,;
951,1607,1579,2.331328,85,132,0,Open,;
952,566,567,18.432662,150,90,0,Open,;
953,841,2101,106.139803,60,132,0,Open,;
954,2101,1635,35.255204,60,132,0,Open,;
955,749,750,4.503069,150,135,0,Open,;
956,750,751,1.902621,150,135,0,Open,;
957,746,1571,2.949378,150,135,0,Open,;
958,1939,2218,1.19999,150,135,0,Open,;
959,1922,2217,1.199987,110,132,0,Open,;
960,2216,1576,30.549356,150,135,0,Open,;
961,2215,2216,10.5343,150,135,0,Open,;
962,2214,2215,24.699324,150,135,0,Open,;
963,816,2213,37.496883,110,132,0,Open,;
964,2213,2214,3.699911,110,132,0,Open,;
965,1619,2102,104.990864,60,132,0,Open,;
966,1566,688,10.49991,60,132,0,Open,;
967,2103,1515,7.283719,60,132,0,Open,;
968,1798,1799,19.23774,110,132,0,Open,;
969,2094,1581,58.004565,60,132,0,Open,;
970,1616,2094,53.860566,60,132,0,Open,;
971,1616,1618,43.848206,60,132,0,Open,;
972,714,1628,38.63409,110,132,0,Open,;
973,1628,1636,139.070217,110,132,0,Open,;
974,1621,715,109.272849,60,132,0,Open,;
975,715,2102,58.510307,60,132,0,Open,;
976,2102,2101,43.408907,60,132,0,Open,;
977,1553,562,0.155032,100,88,0,Open,;
978,565,566,7.743695,150,90,0,Open,;
979,563,564,1.955382,100,88,0,Open,;
980,562,563,7.45984,100,88,0,Open,;
981,116,117,8.799967,150,135,0,Open,;
982,159,160,29.374406,110,132,0,Open,;
983,161,162,47.000037,60,132,0,Open,;
984,163,164,149.500233,85,132,0,Open,;
985,165,166,122.050332,60,132,0,Open,;
986,2680,2681,19.084332,100,88,0,Open,;
987,495,2680,23.746785,100,88,0,Open,;
988,2676,2677,28.815518,50,88,0,Open,;
989,180,181,76.57372,50,88,0,Open,;
990,181,58,5.305501,50,88,0,Open,;
991,114,115,18.14568,150,135,0,Open,;
992,2675,2676,32.678262,50,88,0,Open,;
993,52,200,2.841936,75,88,0,Open,;
994,1325,2611,0.472312,200,91,0,Open,;
995,1250,2081,2.142472,60,132,0,Open,;
996,1337,1851,11.481189,150,90,0,Open,;
997,1261,1329,12.6766,100,88,0,Open,;
998,1293,2610,1.240023,75,88,0,Open,;
999,696,1246,8.775601,60,132,0,Open,;
1000,2602,1322,0.150006,100,88,0,Open,;
1001,2087,44,3.609962,60,132,0,Open,;
1002,2603,573,9.327032,150,90,0,Open,;
1003,2674,2675,29.903343,50,88,0,Open,;
1004,1949,2603,9.659499,150,90,0,Open,;
1005,112,113,12.103272,150,135,0,Open,;
1006,2710,2681,26.314327,150,90,0,Open,;
1007,1326,1333,21.248921,150,90,0,Open,;
1008,44,45,132.929074,110,132,0,Open,;
1009,46,47,39.91417,150,90,0,Open,;
1010,47,48,20.932022,150,90,0,Open,;
1011,49,50,20.594965,150,90,0,Open,;
1012,51,52,28.386476,100,88,0,Open,;
1013,53,51,13.875927,100,88,0,Open,;
1014,54,53,38.27437,100,88,0,Open,;
1015,55,54,23.297077,100,88,0,Open,;
1016,56,57,13.716596,100,88,0,Open,;
1017,2677,2710,23.397496,150,90,0,Open,;
1018,58,59,4.408587,100,88,0,Open,;
1019,62,63,3.802329,50,88,0,Open,;
1020,64,65,19.14969,85,132,0,Open,;
1021,65,66,195.513765,85,132,0,Open,;
1022,67,68,25.575247,85,132,0,Open,;
1023,69,70,44.50007,60,132,0,Open,;
1024,71,72,37.499987,85,132,0,Open,;
1025,73,74,87.997346,60,132,0,Open,;
1026,501,2725,0.639853,60,132,0,Open,;
1027,588,2724,1.125285,60,132,0,Open,;
1028,664,2723,1.00004,85,132,0,Open,;
1029,60,61,42.872599,150,90,0,Open,;
1030,816,815,14.151645,110,132,0,Open,;
1031,732,2090,10.795455,60,132,0,Open,;
1032,2089,2069,0.849185,60,132,0,Open,;
1033,484,485,123.01576,50,88,0,Open,;
1034,486,487,122.905879,50,88,0,Open,;
1035,488,489,123.532649,50,88,0,Open,;
1036,490,491,123.753559,50,88,0,Open,;
1037,492,490,2.950235,50,88,0,Open,;
1038,493,494,3.089496,50,88,0,Open,;
1039,485,487,52.772104,50,88,0,Open,;
1040,491,489,52.285411,50,88,0,Open,;
1041,492,495,3.72548,100,88,0,Open,;
1042,493,492,21.739443,100,88,0,Open,;
1043,480,481,4.21143,100,88,0,Open,;
1044,496,493,30.201076,100,88,0,Open,;
1045,498,499,13.634484,100,88,0,Open,;
1046,55,500,2.992127,75,88,0,Open,;
1047,501,502,27.904341,150,90,0,Open,;
1048,502,503,25.629125,150,90,0,Open,;
1049,57,55,27.9577,100,88,0,Open,;
1050,504,505,11.999993,100,88,0,Open,;
1051,506,504,12.000002,100,88,0,Open,;
1052,498,507,12.000075,100,88,0,Open,;
1053,498,508,11.999921,100,88,0,Open,;
1054,509,510,146.674391,50,88,0,Open,;
1055,497,496,22.763777,100,88,0,Open,;
1056,1228,1805,18.803471,110,132,0,Open,;
1057,468,480,9.447293,100,88,0,Open,;
1058,472,477,1.932619,80,88,0,Open,;
1059,2088,1894,6.550923,60,132,0,Open,;
1060,906,845,12.78754,100,88,0,Open,;
1061,1354,2602,5.953876,100,88,0,Open,;
1062,1321,1824,10.463912,50,88,0,Open,;
1063,1320,1827,4.403471,50,88,0,Open,;
1064,1344,1318,11.298849,150,90,0,Open,;
1066,2084,2082,3.296112,110,132,0,Open,;
1067,589,1294,7.857139,75,88,0,Open,;
1068,48,589,9.127219,150,90,0,Open,;
1069,478,479,28.919301,100,88,0,Open,;
1070,1821,2580,0.821504,60,132,0,Open,;
1071,2577,2578,0.138456,50,88,0,Open,;
1072,59,1335,3.059401,100,88,0,Open,;
1073,466,467,12.717825,150,90,0,Open,;
1074,468,469,12.00004,100,88,0,Open,;
1075,164,468,11.999993,100,88,0,Open,;
1076,470,471,3.850042,80,88,0,Open,;
1077,472,470,11.99998,80,88,0,Open,;
1078,473,472,12.000079,80,88,0,Open,;
1079,474,475,11.999976,100,88,0,Open,;
1080,476,474,12.000062,100,88,0,Open,;
1081,2073,2071,6.672845,110,132,0,Open,;
1082,705,817,13.001179,85,132,0,Open,;
1083,1618,1581,59.457906,85,132,0,Open,;
1084,2090,2078,38.941044,60,132,0,Open,;
1085,1457,2045,32.285292,110,132,0,Open,;
1086,1487,1509,53.218915,85,132,0,Open,;
1087,2044,1431,8.81914,85,132,0,Open,;
1088,2043,2044,24.44763,85,132,0,Open,;
1089,1434,2043,9.729062,85,132,0,Open,;
1090,1431,2042,48.908294,60,132,0,Open,;
1091,2042,1446,74.736835,60,132,0,Open,;
1092,2092,1580,4.212858,85,132,0,Open,;
1093,2040,2041,40.61651,85,132,0,Open,;
1094,1434,2040,30.848551,85,132,0,Open,;
1095,2045,1451,21.354374,110,132,0,Open,;
1096,704,2037,6.257997,85,132,0,Open,;
1097,474,953,1.59906,100,88,0,Open,;
1098,504,954,1.624345,100,88,0,Open,;
1099,2038,2039,94.595237,60,132,0,Open,;
1100,2037,2038,26.41279,60,132,0,Open,;
1101,2036,1931,104.871908,85,132,0,Open,;
1102,1481,2036,58.353619,85,132,0,Open,;
1103,1472,1477,197.204102,60,132,0,Open,;
1104,814,1935,49.595146,60,132,0,Open,;
1105,1597,1596,53.023094,60,132,0,Open,;
1106,1596,2035,30.08247,110,132,0,Open,;
1107,2039,1452,12.947906,60,132,0,Open,;
1108,2035,1925,47.760133,110,132,0,Open,;
1109,1371,2046,15.707471,60,132,0,Open,;
1110,1365,2047,23.187385,60,132,0,Open,;
1111,2056,1413,30.660523,60,132,0,Open,;
1112,2053,2056,22.417279,60,132,0,Open,;
1113,2055,1426,29.815391,85,132,0,Open,;
1114,850,917,2.456752,75,88,0,Open,;
1115,917,918,118.927167,75,88,0,Open,;
1116,2054,2055,79.229269,85,132,0,Open,;
1117,500,921,121.440825,75,88,0,Open,;
1118,2053,2054,13.875103,85,132,0,Open,;
1119,2052,1388,35.353141,85,132,0,Open,;
1120,66,2052,14.382191,85,132,0,Open,;
1121,2046,1365,65.011581,60,132,0,Open,;
1122,925,494,132.0204,50,88,0,Open,;
1123,822,1517,44.0,85,132,0,Open,;
1124,1517,832,21.241557,110,132,0,Open,;
1125,2051,508,120.927221,110,132,0,Open,;
1126,830,2051,69.49094,110,132,0,Open,;
1127,2050,1559,31.362767,110,132,0,Open,;
1128,507,2050,67.069772,110,132,0,Open,;
1129,2049,1375,35.862724,60,132,0,Open,;
1130,1365,2049,17.547736,60,132,0,Open,;
1131,2048,837,27.075545,60,132,0,Open,;
1132,2047,2048,115.749491,60,132,0,Open,;
1133,1388,1936,4.960952,60,132,0,Open,;
1134,2035,1595,20.331011,60,132,0,Open,;
1135,PM2.UDA.BRZ.003,2032,82.924487,110,132,0,Open,;
1136,1466,PM2.UDA.BRZ.003,45.086261,110,132,0,Open,;
1137,1891,46,3.289619,60,132,0,Open,;
1138,746,1573,3.649989,150,135,0,Open,;
1139,1363,63,132.220451,50,88,0,Open,;
1140,1336,484,3.537692,50,88,0,Open,;
1141,200,1263,122.630912,75,88,0,Open,;
1142,1827,1826,130.523275,50,88,0,Open,;
1143,1826,51,3.56962,100,88,0,Open,;
1144,53,1825,2.632363,75,88,0,Open,;
1145,1825,1262,122.427178,75,88,0,Open,;
1146,1824,1823,131.339861,50,88,0,Open,;
1147,728,1892,27.867816,60,132,0,Open,;
1148,1823,54,3.333563,100,88,0,Open,;
1149,1822,57,3.350233,100,88,0,Open,;
1150,565,1821,4.967513,60,132,0,Open,;
1151,1819,1820,119.194353,85,132,0,Open,;
1152,1817,1818,119.436392,85,132,0,Open,;
1153,690,1554,2.535373,85,132,0,Open,;
1154,1804,1805,0.687751,110,132,0,Open,;
1155,1803,1804,31.667761,110,132,0,Open,;
1156,1802,1803,23.246952,110,132,0,Open,;
1157,1801,1802,19.3897,110,132,0,Open,;
1158,1800,1801,26.330562,110,132,0,Open,;
1159,1323,1822,131.058506,50,88,0,Open,;
1160,1892,1891,14.629829,60,132,0,Open,;
1161,1788,1329,1.139441,100,88,0,Open,;
1162,1893,1226,4.241964,110,132,0,Open,;
1163,2033,1931,21.171026,85,132,0,Open,;
1164,2032,2033,32.841669,85,132,0,Open,;
1165,2031,1433,29.467395,85,132,0,Open,;
1166,163,2031,114.403131,85,132,0,Open,;
1167,1957,1958,6.121116,85,132,0,Open,;
1168,1949,582,2.61747,150,90,0,Open,;
1169,1573,1939,5.193815,150,135,0,Open,;
1170,1936,1937,30.183812,60,132,0,Open,;
1171,1935,1570,3.347731,60,132,0,Open,;
1172,814,1597,18.633948,60,132,0,Open,;
1173,1933,1472,19.956121,60,132,0,Open,;
1174,1932,1933,86.683284,60,132,0,Open,;
1175,1931,1932,26.36072,60,132,0,Open,;
1176,1929,1930,16.998656,110,132,0,Open,;
1177,1928,1929,12.054287,110,132,0,Open,;
1178,572,1928,3.135643,110,132,0,Open,;
1180,1925,1569,3.777134,110,132,0,Open,;
1181,707,1411,20.094147,110,132,0,Open,;
1182,746,1922,5.212226,110,132,0,Open,;
1183,160,695,3.034121,60,132,0,Open,;
1184,1818,1225,3.404509,85,132,0,Open,;
1185,1894,1893,132.897007,110,132,0,Open,;
1186,912,913,26.772552,50,88,0,Open,;
1187,911,912,19.335882,50,88,0,Open,;
1188,2041,704,15.922471,85,132,0,Open,;
1189,909,910,26.531989,50,88,0,Open,;
1190,851,852,146.189141,50,88,0,Open,;
1191,853,49,2.406866,60,88,0,Open,;
1192,1301,2087,8.112991,60,132,0,Open,;
1193,496,488,3.030567,50,88,0,Open,;
1194,855,856,36.200231,150,90,0,Open,;
1195,856,857,33.082711,150,90,0,Open,;
1196,857,858,17.024661,150,90,0,Open,;
1197,910,911,33.125171,50,88,0,Open,;
1198,859,860,21.571107,150,90,0,Open,;
1199,860,861,19.957627,150,90,0,Open,;
1200,861,862,18.349586,150,90,0,Open,;
1201,862,863,30.264593,150,90,0,Open,;
1202,863,864,30.970072,150,90,0,Open,;
1203,864,865,29.330635,150,90,0,Open,;
1204,865,866,19.869299,150,90,0,Open,;
1205,866,867,5.827995,150,90,0,Open,;
1206,1746,2075,43.34253,60,132,0,Open,;
1207,1930,2084,16.415085,110,132,0,Open,;
1208,2082,159,22.545603,110,132,0,Open,;
1209,850,845,2.955814,75,88,0,Open,;
1210,848,849,145.520169,50,88,0,Open,;
1211,846,847,146.028855,50,88,0,Open,;
1212,845,56,9.733114,100,88,0,Open,;
1213,1315,2089,8.694777,60,132,0,Open,;
1214,821,822,42.467536,85,132,0,Open,;
1215,823,821,41.69993,85,132,0,Open,;
1216,824,825,6.673332,85,132,0,Open,;
1217,825,826,8.001623,85,132,0,Open,;
1218,826,827,25.462653,85,132,0,Open,;
1219,827,823,4.865246,85,132,0,Open,;
1220,828,824,42.441686,85,132,0,Open,;
1221,829,830,18.000023,110,132,0,Open,;
1222,1819,1817,42.017963,85,132,0,Open,;
1223,831,829,176.500088,110,132,0,Open,;
1224,1457,1458,15.228657,60,132,0,Open,;
1225,1309,2088,7.25414,60,132,0,Open,;
1226,836,837,52.500059,110,132,0,Open,;
1227,703,836,54.07687,110,132,0,Open,;
1228,838,839,45.333207,110,132,0,Open,;
1229,840,838,42.746112,110,132,0,Open,;
1230,841,839,35.236055,60,132,0,Open,;
1231,842,843,10.033284,85,132,0,Open,;
1232,843,844,3.960482,85,132,0,Open,;
1233,832,831,17.300038,110,132,0,Open,;
1234,1227,1230,12.115472,110,132,0,Open,;
1235,858,859,20.168554,150,90,0,Open,;
1236,1458,1459,59.139006,60,132,0,Open,;
1237,2082,2080,7.435485,60,132,0,Open,;
1238,2061,2062,173.180628,60,132,0,Open,;
1239,1930,2074,7.312104,60,132,0,Open,;
1240,2079,2072,2.809464,60,132,0,Open,;
1241,2078,2079,143.171505,60,132,0,Open,;
1242,1224,1820,3.814286,85,132,0,Open,;
1243,1229,2077,122.738598,85,132,0,Open,;
1244,1227,PM1.UDA.BRZ.001,122.169942,85,132,0,Open,;
1245,2074,2075,116.115124,60,132,0,Open,;
1246,2072,2073,22.108613,110,132,0,Open,;
1247,2071,572,1.14761,110,132,0,Closed,;
1248,1229,1226,23.539611,110,132,0,Open,;
1249,2062,1425,14.79884,60,132,0,Open,;
1250,895,661,9.999981,80,88,0,Open,;
1251,661,894,10.000016,80,88,0,Open,;
1252,2063,2064,6.697872,110,132,0,Open,;
1253,1230,2063,2.692024,60,132,0,Open,;
1254,1794,2065,9.770792,110,132,0,Open,;
1255,2065,855,9.740898,110,132,0,Open,;
1256,701,833,122.755123,60,132,0,Open,;
1257,1240,2066,3.426062,60,132,0,Open,;
1258,1242,2067,10.648462,60,132,0,Open,;
1259,2067,2066,118.151095,60,132,0,Open,;
1260,2068,834,122.890771,60,132,0,Open,;
1261,1241,2068,3.471001,60,132,0,Open,;
1262,2069,2064,126.933061,60,132,0,Open,;
1263,PM1.UDA.BRZ.001,2077,42.298838,85,132,0,Open,;
1264,1745,159,3.718467,110,132,0,Open,;
1265,1404,2061,14.852065,60,132,0,Open,;
1266,2080,2081,129.270591,60,132,0,Open,;
1267,2060,2057,52.067051,85,132,0,Open,;
1268,2059,2060,27.040734,85,132,0,Open,;
1269,2057,1404,43.712197,60,132,0,Open,;
1270,2058,2053,63.139537,85,132,0,Open,;
1271,2057,2058,16.867656,85,132,0,Open,;
1272,904,905,17.950079,100,88,0,Open,;
1273,905,906,0.147643,100,88,0,Open,;
1274,907,908,17.176512,50,88,0,Open,;
1275,162,2059,49.554243,60,132,0,Open,;
1276,908,909,20.750691,50,88,0,Open,;
1277,1224,2072,59.953573,110,132,0,Open,;
1278,2740,744,0.003712,300,135,0,Open,;
1279,153,2741,9.058386,250,135,0,Open,;
1280,2741,2742,15.496716,250,135,0,Open,;
1281,118,119,0.008647,250,135,0,Open,;
1282,122,123,24.524846,250,135,0,Open,;
1283,120,121,21.140807,250,135,0,Open,;
1284,121,122,21.731064,250,135,0,Open,;
1285,2742,119,19.454161,250,135,0,Open,;
1286,123,124,16.236538,250,135,0,Open,;
1287,124,125,20.074672,250,135,0,Open,;
1288,125,126,17.81937,250,135,0,Open,;
1289,119,120,20.556275,250,135,0,Open,;
1290,153,2740,10.414273,300,135,0,Open,;
1291,2747,2748,18.650679,300,135,0,Open,;
1292,153,2740,10.414273,300,135,0,Open,;
1293,2748,135,15.091495,300,135,0,Open,;
1294,2746,2747,21.490461,300,135,0,Open,;
1295,2745,2746,17.19437,300,135,0,Open,;
1296,2744,2745,2.887852,300,135,0,Open,;
1297,2743,2744,1.180697,300,135,0,Open,;
1298,2628,2743,1.243803,300,135,0,Open,;
1299,2742,118,19.445514,250,135,0,Open,;
1300,2741,2742,15.496716,250,135,0,Open,;
1301,153,2741,9.058386,250,135,0,Open,;
1302,744,2474,5.803325,300,135,0,Open,;
1303,2740,744,0.003712,300,135,0,Open,;
1304,126,127,27.061515,250,135,0,Open,;
1305,744,2474,5.803325,300,135,0,Open,;
1306,127,128,18.848289,250,135,0,Open,;
1307,134,112,0.973703,250,135,0,Open,;
1308,129,130,19.286243,250,135,0,Open,;
1309,128,129,18.799511,250,135,0,Open,;
1310,481,119,3.249254,100,79,0,Open,;
1311,2474,2475,1.011392,150,135,0,Open,;
1312,2474,1400,1.14003,300,135,0,Open,;
1313,152,153,14.121298,300,135,0,Open,;
1314,151,152,21.267233,300,135,0,Open,;
1315,150,151,25.314372,300,135,0,Open,;
1316,148,149,22.847459,300,135,0,Open,;
1317,147,148,25.197673,300,135,0,Open,;
1318,146,147,20.210206,300,135,0,Open,;
1319,145,146,18.022677,300,135,0,Open,;
1320,144,145,20.335266,300,135,0,Open,;
1321,149,150,24.078721,300,135,0,Open,;
1322,142,143,18.434441,300,135,0,Open,;
1323,130,131,20.938974,250,135,0,Open,;
1324,143,144,24.561957,300,135,0,Open,;
1325,132,133,16.661792,250,135,0,Open,;
1326,133,134,0.791147,250,135,0,Open,;
1327,135,136,18.865029,300,135,0,Open,;
1328,136,137,19.95617,300,135,0,Open,;
1329,131,132,17.757983,250,135,0,Open,;
1330,138,139,25.016214,300,135,0,Open,;
1331,139,140,20.477041,300,135,0,Open,;
1332,140,141,22.010903,300,135,0,Open,;
1333,141,142,16.732118,300,135,0,Open,;
1334,137,138,18.853418,300,135,0,Open,;
1335,2029,2027,123.044462,160,135,0,Open,;
1336,2203,2204,6.000005,60,132,0,Open,;
1337,2201,2203,162.776897,60,132,0,Open,;
1340,459,1079,10.652015,160,135,0,Open,;
1341,2207,2208,1.499968,60,132,0,Open,;
1342,2011,2220,4.332276,160,135,0,Open,;
1345,2207,1123,13.677855,60,132,0,Open,;
1346,2027,2028,3.655129,60,132,0,Open,;
1347,2202,459,1.100028,60,132,0,Open,;
1348,2021,2011,1.411198,160,135,0,Open,;
1349,2021,2778,7.780971,110,132,0,Open,;
1350,2182,2183,6.127321,110,132,0,Open,;
1351,2183,2184,0.711694,110,132,0,Closed,;
1352,2193,457,164.29,150,72,0,Open,;
1353,2201,2202,2.200082,60,132,0,Open,;
1354,2011,2012,1.807393,110,132,0,Open,;
1355,2027,33,119.778763,160,135,0,Open,;
1356,1792,2013,97.59743,85,132,0,Open,;
1357,2012,2014,6.792533,110,132,0,Open,;
1360,2015,2016,3.334033,110,132,0,Open,;
1361,2019,2020,7.965342,160,135,0,Open,;
1362,1181,2019,1.207608,160,135,0,Open,;
1363,1792,PM.VRP.BRZ.003,5.397624,200,74,0,Open,;
1365,2016,2769,4.739904,110,132,0,Open,;
1366,1234,1222,83.915565,110,132,0,Open,;
1367,1180,1181,97.296273,160,135,0,Open,;
1369,458,459,164.295396,150,72,0,Open,;
1370,452,457,3.503506,150,72,0,Open,;
1371,455,456,166.637449,110,70,0,Open,;
1372,452,451,73.097041,150,72,0,Open,;
1373,448,PM.VRP.BRZ.003,1.877807,150,72,0,Open,;
1374,33,1181,42.423908,160,135,0,Open,;
1375,447,448,42.324468,150,72,0,Open,;
1378,1124,1123,43.139214,110,132,0,Open,;
1379,1123,1121,37.423847,110,132,0,Open,;
1381,1118,1119,132.117023,60,132,0,Open,;
1382,1107,1105,38.371819,110,132,0,Open,;
1383,1079,457,15.38838,160,135,0,Open,;
1384,685,686,1.510964,160,135,0,Open,;
1385,1108,1107,42.756198,85,132,0,Open,;
1386,1234,686,1.484541,110,132,0,Open,;
1387,698,2,44.131822,60,132,0,Open,;
1388,1144,1126,43.195551,60,132,0,Open,;
1389,1084,25,42.312571,85,132,0,Open,;
1390,50,733,19.41312,110,132,0,Open,;
1391,742,2609,0.517349,110,132,0,Open,;
1392,39,43,51.44846,60,132,0,Open,;
1393,41,42,108.784113,60,132,0,Open,;
1394,39,40,112.801448,60,132,0,Open,;
1395,37,38,38.550811,85,132,0,Open,;
1396,35,36,32.424492,85,62,0,Open,;
1397,33,34,2.930533,60,132,0,Open,;
1398,31,32,3.599802,160,135,0,Open,;
1400,27,28,86.774389,60,132,0,Open,;
1401,1199,1197,45.39241,60,132,0,Open,;
1402,36,1806,4.802324,85,62,0,Open,;
1403,1134,1807,1.543511,85,132,0,Open,;
1404,1096,1808,2.027925,85,132,0,Open,;
1405,450,447,88.372345,150,64,0,Open,;
1406,2210,2211,26.590022,60,132,0,Open,;
1407,2209,2210,17.567631,60,132,0,Open,;
1408,1128,1951,44.721979,85,132,0,Open,;
1409,1934,1231,2.785985,110,132,0,Open,;
1410,1185,1194,42.297223,85,132,0,Open,;
1411,25,26,31.508957,60,132,0,Open,;
1413,1128,32,16.098273,110,132,0,Open,;
1414,2022,2178,9.321947,110,132,0,Open,;
1415,1829,919,1.971046,150,64,0,Closed,;
1416,919,PM.VRP.BRZ.002,1.9499,150,64,0,Open,;
1417,1180,1829,61.730238,150,64,0,Open,;
1418,1167,1828,2.516679,160,135,0,Open,;
VZ1.DMC.BRZ.022,2490,1086,0.591907,150,64,0,Open,;
1420,16,17,41.083839,110,132,0,Open,;
1423,1105,1106,88.252603,110,132,0,Open,;
1424,1103,1078,42.888674,60,132,0,Open,;
1425,1103,1104,86.004586,60,132,0,Open,;
1426,808,1101,86.459022,60,132,0,Open,;
1427,1103,808,43.018808,60,62,0,Open,;
1428,2178,2180,0.85,110,132,0,Open,;
1429,2180,2181,38.359909,110,132,0,Open,;
1431,1101,1097,34.195001,85,132,0,Open,;
1432,1100,1097,43.234498,60,132,0,Open,;
1433,2181,2182,224.877134,110,132,0,Open,;
1434,1214,2086,0.200998,60,132,0,Open,;
1435,1100,1099,31.690648,60,132,0,Open,;
1436,1099,1095,42.413399,60,132,0,Open,;
1437,1095,1094,76.391301,60,62,0,Open,;
1438,1094,1096,30.965563,85,132,0,Open,;
1440,697,809,42.934537,60,132,0,Open,;
1441,1078,697,120.629377,60,132,0,Open,;
1442,1081,458,6.58171,150,135,0,Open,;
1443,1080,1081,17.565616,150,135,0,Open,;
1444,1082,16,86.414659,60,132,0,Open,;
1445,1083,1084,43.426267,85,132,0,Open,;
1446,29,450,58.856354,150,64,0,Open,;
1447,1085,1083,72.9776,60,132,0,Open,;
1448,26,1085,43.55394,60,132,0,Open,;
1449,1082,26,44.722398,60,132,0,Open,;
1450,1094,25,42.241976,85,132,0,Open,;
1451,1095,1082,43.480784,60,62,0,Open,;
1452,1096,1097,12.87362,85,132,0,Open,;
1455,451,29,21.057714,150,64,0,Open,;
1456,2211,1804,17.698674,60,132,0,Open,;
1457,453,454,43.067511,110,62,0,Open,;
1458,1209,1144,157.588492,60,132,0,Open,;
1459,2086,2083,56.831649,60,132,0,Open,;
1460,38,1212,58.498955,85,132,0,Open,;
1461,2083,2085,37.925574,60,132,0,Open,;
1462,2085,1124,144.42226,110,132,0,Open,;
1463,2085,735,137.511926,110,132,0,Open,;
1464,1208,1143,156.948415,60,132,0,Open,;
1466,2083,1126,100.71041,60,132,0,Open,;
1467,651,652,2.619811,160,135,0,Open,;
1469,835,1934,22.013357,110,132,0,Open,;
1470,919,920,1.8499,150,64,0,Open,;
1471,922,923,0.953031,150,64,0,Open,;
1472,675,676,3.59433,60,132,0,Open,;
1473,923,920,38.028642,150,64,0,Open,;
1474,1210,1145,156.423268,85,132,0,Open,;
1475,678,835,37.056187,160,135,0,Open,;
1476,456,697,37.281699,60,132,0,Open,;
1477,733,734,61.955643,110,132,0,Open,;
1478,456,806,85.816047,110,132,0,Open,;
1479,807,806,37.917383,60,132,0,Open,;
1480,697,807,85.724197,60,132,0,Open,;
1481,808,809,77.327799,60,132,0,Open,;
1482,1214,1209,43.060555,60,132,0,Open,;
1483,810,811,42.961967,60,132,0,Open,;
1484,1927,676,90.587875,160,135,0,Open,;
1485,1927,678,102.608783,160,135,0,Open,;
1486,1232,585,97.631312,160,135,0,Open,;
1487,1231,2091,2.800392,110,132,0,Open,;
1488,2091,37,31.835933,110,132,0,Open,;
1489,37,738,92.154975,110,132,0,Open,;
1490,811,812,0.75326,60,132,0,Open,;
1491,712,713,39.798021,60,132,0,Open,;
1492,585,586,0.820061,75,62,0,Open,;
1493,2013,2030,1.741063,85,132,0,Open,;
1494,2023,16,45.383649,110,132,0,Open,;
1495,807,2018,43.292975,60,132,0,Open,;
1496,809,2018,85.982425,60,132,0,Open,;
1497,806,2022,43.574878,110,132,0,Open,;
1498,2022,453,80.692175,110,132,0,Open,;
1500,737,735,39.284541,110,132,0,Open,;
1501,585,2017,165.724116,160,135,0,Open,;
1502,17,922,1.395729,150,135,0,Open,;
1503,922,1080,3.386179,150,135,0,Open,;
1504,738,737,92.085265,110,132,0,Open,;
1505,734,742,6.951759,110,132,0,Open,;
1507,2209,2212,2.517145,100,132,0,Open,;
1508,1218,1164,75.109279,60,132,0,Open,;
1510,735,736,73.704708,110,132,0,Closed,;
1511,454,2023,72.57285,110,132,0,Open,;
1512,2013,1185,15.161877,85,132,0,Open,;
1513,2028,1182,40.818147,60,132,0,Open,;
1514,1184,34,18.397256,60,132,0,Open,;
1515,699,1157,1.381014,110,132,0,Open,;
1517,1139,2026,7.736767,60,132,0,Open,;
1518,1083,454,43.037621,85,132,0,Open,;
1519,651,2017,2.619768,160,135,0,Open,;
1520,1137,1136,42.730405,85,132,0,Open,;
1521,1113,1116,73.390464,60,132,0,Open,;
1522,1116,2025,44.306092,60,132,0,Open,;
1523,2024,810,35.174166,60,132,0,Open,;
1524,2024,2025,7.556585,60,132,0,Closed,;
1525,1085,2023,42.672625,60,132,0,Open,;
1526,1135,1139,43.52332,60,132,0,Open,;
1527,2018,453,43.914942,60,132,0,Open,;
1528,2178,2179,1.256911,110,132,0,Open,;
1529,1110,1108,127.022705,60,132,0,Open,;
1530,1203,1163,73.164392,60,132,0,Open,;
1531,1202,1160,46.023407,60,132,0,Open,;
1532,1160,1198,43.724694,60,132,0,Open,;
1533,1198,1148,80.296041,60,132,0,Open,;
1534,1202,1162,71.733943,110,132,0,Open,;
1535,1201,1199,134.25511,60,132,0,Open,;
1536,1199,1200,9.214237,85,132,0,Open,;
1537,1197,1198,43.207181,60,132,0,Open,;
1538,1196,1194,122.325727,85,132,0,Open,;
1539,1196,1195,44.800184,85,132,0,Open,;
1540,1204,1203,41.610111,60,132,0,Open,;
1541,1146,1142,84.93078,85,132,0,Open,;
1542,1195,1193,46.997061,85,132,0,Open,;
1543,1148,1149,99.998951,60,62,0,Open,;
1544,1150,1149,43.949646,60,62,0,Open,;
1545,1187,1194,44.442808,60,132,0,Open,;
1546,1187,1192,43.325473,60,132,0,Open,;
1547,1193,1192,36.875755,60,62,0,Open,;
1548,1193,1188,123.903498,60,62,0,Open,;
1549,1192,35,123.87324,60,132,0,Open,;
1550,1151,1150,103.575001,60,62,0,Open,;
1551,1152,1147,22.610035,60,132,0,Open,;
1552,1146,1140,42.7816,85,132,0,Open,;
1553,1204,1164,44.536296,60,132,0,Open,;
1554,1204,1205,41.163335,60,132,0,Open,;
1555,1206,1205,44.577334,60,132,0,Open,;
1556,1221,1216,40.231347,60,132,0,Open,;
1557,1216,43,43.243157,60,132,0,Open,;
1558,1219,43,37.871531,60,132,0,Open,;
1559,1220,1217,50.341196,60,132,0,Open,;
1560,1219,1218,45.55388,60,132,0,Open,;
1561,1217,1218,43.570734,60,132,0,Open,;
1562,1217,1205,34.662881,60,132,0,Open,;
1563,1216,1215,98.873551,60,132,0,Open,;
1564,1215,41,43.801878,60,132,0,Open,;
1565,41,39,43.104068,60,132,0,Open,;
1566,1211,738,38.735888,60,132,0,Open,;
1567,1211,1213,91.762626,60,132,0,Open,;
1568,737,1213,38.416029,60,132,0,Open,;
1569,1213,1214,42.248439,60,132,0,Open,;
1570,1210,1212,43.480524,85,132,0,Open,;
1571,1211,1212,37.470152,60,132,0,Open,;
1572,1210,1208,43.633704,60,132,0,Open,;
1573,1208,1209,42.5788,60,132,0,Open,;
1575,1206,1207,82.463032,110,132,0,Open,;
1576,1207,1203,44.444646,60,132,0,Open,;
1577,1202,1201,44.090892,110,132,0,Open,;
1578,333,1207,43.611967,110,132,0,Open,;
1579,652,1152,30.335889,160,135,0,Open,;
1580,1221,1219,42.092282,60,132,0,Open,;
1581,713,1180,2.0821,60,132,0,Open,;
1582,1153,651,2.659095,110,132,0,Open,;
1583,1174,1173,42.819409,60,132,0,Open,;
1584,1173,1170,30.873511,60,132,0,Open,;
1585,1172,1171,81.192236,60,132,0,Open,;
1586,1170,1171,42.503303,60,132,0,Open,;
1587,1158,1157,45.110994,110,132,0,Open,;
1588,1151,1158,43.962939,85,132,0,Open,;
1589,1109,1108,43.203617,85,132,0,Open,;
1590,1168,1169,48.170741,85,132,0,Open,;
1591,31,1167,9.200087,160,135,0,Open,;
1592,1166,1152,3.067901,60,132,0,Open,;
1593,1173,1175,73.865348,60,132,0,Open,;
1594,1147,1165,60.660285,60,132,0,Open,;
1595,1161,1164,28.981085,60,132,0,Open,;
1596,14,1163,42.657051,60,132,0,Open,;
1597,1163,698,58.174949,60,132,0,Open,;
1598,699,1162,50.601263,110,132,0,Open,;
1599,698,1155,42.110096,60,132,0,Open,;
1600,1155,40,30.464217,60,132,0,Open,;
1601,1149,1159,7.22417,60,62,0,Open,;
1602,1148,1151,42.318114,60,132,0,Open,;
1603,1160,1158,122.753366,60,132,0,Open,;
1604,40,1161,35.646631,60,132,0,Open,;
1605,1163,1161,42.885416,60,132,0,Open,;
1606,1176,712,44.113184,60,132,0,Open,;
1607,1176,1177,43.940892,60,62,0,Open,;
1608,1175,1177,35.831058,60,132,0,Open,;
1609,1154,1153,23.75274,160,135,0,Open,;
1610,1155,42,12.065463,60,132,0,Open,;
1611,337,1156,64.113098,60,132,0,Open,;
1613,1171,1190,39.010633,60,132,0,Open,;
1614,1169,1189,58.860774,85,132,0,Open,;
1615,1189,31,3.460446,160,135,0,Open,;
1616,1188,36,6.606239,85,62,0,Open,;
1617,35,1186,42.84832,85,62,0,Open,;
1618,1186,1187,123.673862,60,132,0,Open,;
1619,583,1154,49.067002,110,132,0,Open,;
1620,1186,1168,42.507265,85,132,0,Open,;
1621,1185,1168,166.899131,60,62,0,Open,;
1622,1184,1183,22.518943,60,132,0,Open,;
1623,1183,1179,42.641873,60,132,0,Open,;
1624,1183,712,61.628821,60,132,0,Open,;
1625,1179,1178,44.168885,60,132,0,Open,;
1626,1178,1182,34.418723,60,132,0,Open,;
1627,1182,1174,42.231179,60,132,0,Open,;
1628,1174,1172,44.362651,60,132,0,Open,;
1629,1172,2777,42.143717,60,132,0,Open,;
1630,1179,1176,69.922207,60,132,0,Open,;
1631,1178,1175,42.088198,60,132,0,Open,;
1632,1167,1191,47.13991,160,135,0,Open,;
1633,1222,1206,84.264028,110,132,0,Open,;
1635,1223,675,34.59167,60,132,0,Open,;
1636,1115,1114,37.613248,60,132,0,Open,;
1637,1116,1115,37.142068,60,132,0,Open,;
1638,1231,1232,4.939847,110,132,0,Open,;
1639,1136,1134,37.117179,85,132,0,Open,;
1640,1134,1135,47.254208,60,132,0,Open,;
1641,1133,1131,69.298897,60,62,0,Open,;
1642,1117,810,43.049448,60,132,0,Open,;
1643,1119,28,37.245503,60,132,0,Open,;
1644,1120,27,43.349624,60,132,0,Open,;
1645,1112,1131,43.190405,60,62,0,Open,;
1646,1133,1132,43.057127,60,62,0,Open,;
1648,1121,1122,92.526844,110,132,0,Open,;
1649,1125,1124,37.329855,60,132,0,Open,;
1650,1127,1125,92.061404,60,132,0,Open,;
1652,1117,1136,88.114793,60,132,0,Open,;
1653,1215,677,33.420909,60,132,0,Open,;
1654,1138,1140,43.014436,110,132,0,Open,;
1655,1113,1111,88.063316,60,132,0,Open,;
1656,1145,1142,43.501509,60,132,0,Open,;
1657,1145,1143,43.019985,60,132,0,Open,;
1658,1143,1144,42.98042,60,132,0,Open,;
1659,1142,1127,37.298046,60,132,0,Open,;
1660,1127,1122,42.787523,60,132,0,Open,;
1662,1122,1141,38.628161,110,132,0,Open,;
1663,1129,1102,45.760961,110,132,0,Open,;
1664,1109,1113,38.115542,60,132,0,Open,;
1665,1120,1117,41.864887,60,132,0,Open,;
1666,1141,1138,43.766005,110,132,0,Open,;
1667,1130,1102,43.102297,85,132,0,Open,;
1668,1114,1109,111.412625,60,132,0,Open,;
1669,1137,1120,88.010754,60,132,0,Open,;
1670,1216,1233,32.06226,60,132,0,Open,;
1671,1110,1111,43.316538,60,132,0,Open,;
1672,1126,1125,43.886262,60,132,0,Open,;
1674,1223,1221,46.386453,60,132,0,Open,;
1675,1112,1132,69.049937,60,132,0,Open,;
1676,1129,1106,40.13353,110,132,0,Open,;
1677,1110,1106,42.679604,60,132,0,Open,;
1678,1130,1110,86.01276,60,62,0,Open,;
1679,1104,1101,43.158036,85,132,0,Open,;
1680,1111,1112,43.329982,60,62,0,Open,;
1681,1222,1220,45.333354,60,132,0,Open,;
1682,1102,1128,51.144584,110,132,0,Open,;
1683,1131,1130,43.260935,85,62,0,Open,;
1684,1220,1223,40.929835,60,132,0,Open,;
1685,1840,2579,0.576637,200,61,0,Open,;
1686,1887,1888,4.331919,300,66,0,Open,;
1688,893,948,191.070089,50,57,0,Open,;
1689,1331,1869,2.146165,150,59,0,Open,;
1690,1885,156,1.512363,300,66,0,Open,;
1691,2751,2752,21.576613,200,61,0,Open,;
1692,2149,2150,0.346996,400,71,0,Open,;
VZ1.AAT.BRZ.050,1890,2197,2.634397,350,68,0,Open,;
1694,2752,2753,10.342649,200,61,0,Open,;
1695,1889,1890,4.747555,300,66,0,Open,;
1696,1884,1885,1.041464,300,66,0,Open,;
1697,2197,2198,1.253263,350,68,0,Open,;
1698,2198,2199,1.238254,350,68,0,Open,;
1699,2199,2200,0.77939,350,68,0,Open,;
1700,2753,2506,1.094436,200,61,0,Open,;
1701,820,721,0.671954,110,132,0,Open,;
1702,2164,2624,8.565112,300,135,0,Open,;
1703,2624,2625,9.50185,300,135,0,Open,;
1704,2625,2626,8.791436,300,135,0,Open,;
1705,679,680,15.775429,110,132,0,Open,;
1706,1888,201,0.548059,300,66,0,Open,;
1707,889,892,0.141468,50,57,0,Open,;
1708,1848,2751,8.923339,200,61,0,Open,;
1709,460,464,41.660019,75,57,0,Open,;
1710,889,465,52.824815,75,57,0,Open,;
1711,465,887,190.841874,50,57,0,Open,;
1712,464,465,52.299731,75,57,0,Open,;
1713,464,462,191.50841,50,57,0,Open,;
1714,1869,2601,0.67993,150,59,0,Open,;
1715,2753,2506,1.094436,200,61,0,Open,;
1716,893,889,50.257682,75,57,0,Open,;
1717,460,461,191.300807,150,59,0,Open,;
1718,2626,2627,27.097861,300,135,0,Open,;
1719,1849,2473,0.630546,200,61,0,Open,;
1720,1332,1773,0.734828,200,61,0,Open,;
1721,1880,1884,0.049191,300,66,0,Open,;
1722,2155,2478,2.868871,400,71,0,Open,;
1723,1878,1877,1.178498,200,61,0,Open,;
1724,1879,1880,2.089357,300,66,0,Open,;
1725,2196,1075,0.296531,60,132,0,Open,;
1726,1923,1924,3.691195,300,135,0,Open,;
1727,1880,1881,2.00788,300,66,0,Open,;
1728,1882,1883,0.096798,300,66,0,Open,;
1729,2752,2753,10.342649,200,61,0,Open,;
1730,2751,2752,21.576613,200,61,0,Open,;
1731,2200,2487,3.643515,350,68,0,Open,;
1732,2487,2488,2.101355,350,68,0,Open,;
1733,1883,1880,3.788327,300,66,0,Closed,;
1734,892,890,191.094349,50,57,0,Open,;
1735,1848,1877,1.386571,200,61,0,Open,;
1736,2627,2628,3.863009,300,135,0,Open,;
1737,2148,2149,3.194219,400,71,0,Open,;
1738,2629,1923,5.00946,300,135,0,Open,;
1739,2121,2122,0.781192,300,66,0,Open,;
1740,2120,2121,0.987081,300,66,0,Open,;
1741,2119,2120,1.211989,300,66,0,Open,;
1742,2118,2119,1.189666,300,66,0,Open,;
1743,2117,2118,2.003992,300,66,0,Open,;
1744,2116,2117,0.259771,300,66,0,Open,;
1745,2115,2116,0.289818,300,66,0,Open,;
1746,2114,2115,0.280815,300,66,0,Open,;
1747,154,155,12.496937,300,135,0,Open,;
1748,155,156,4.469625,300,135,0,Open,;
1749,2113,2114,0.272245,300,66,0,Open,;
1750,2112,2113,0.791505,300,66,0,Open,;
1751,2111,2112,0.423033,300,66,0,Open,;
1752,2110,2111,0.273524,300,66,0,Open,;
1753,2109,2110,0.200675,300,66,0,Open,;
1754,2108,2109,0.213996,300,66,0,Open,;
1755,2107,2108,0.186997,300,66,0,Open,;
1756,2106,2107,1.85469,300,66,0,Open,;
1757,2629,2162,8.357293,300,135,0,Open,;
1758,2122,2123,0.996617,300,66,0,Open,;
1759,1847,1848,11.81921,200,61,0,Open,;
1760,2123,2124,0.961893,300,66,0,Open,;
1761,2125,2126,0.902164,300,66,0,Open,;
1762,2150,2128,0.346996,400,71,0,Open,;
1763,2128,2151,1.123014,400,71,0,Open,;
1764,2151,2152,1.246934,400,71,0,Open,;
VZ1.AAT.BRZ.090,154,710,2.247913,300,135,0,Open,;
1766,1849,1850,24.249303,200,61,0,Open,;
1767,2138,2139,1.139737,300,66,0,Open,;
1768,2137,2138,0.917375,300,66,0,Open,;
1769,2136,2137,1.986637,300,66,0,Open,;
1770,2135,2136,3.343711,300,66,0,Open,;
1771,2134,2135,1.575084,300,66,0,Open,;
1772,2133,2134,0.16084,300,66,0,Open,;
1773,2132,2133,3.209122,300,66,0,Open,;
1774,2131,2132,0.452828,300,66,0,Open,;
1775,2130,2131,0.006684,300,66,0,Open,;
VZ1.AAT.BRZ.070,2129,2130,11.249003,300,66,0,Open,;
1777,202,2129,7.111632,300,66,0,Open,;
1778,2105,2128,7.444608,300,66,0,Open,;
1779,2127,1889,0.89328,300,66,0,Open,;
1780,2126,2127,10.398655,300,66,0,Open,;
1781,2124,2125,0.838388,300,66,0,Open,;
1782,1846,1847,19.776039,200,61,0,Open,;
1783,2105,2106,1.097691,300,66,0,Open,;
1784,1844,1845,18.488235,200,61,0,Open,;
1785,2159,2160,7.663524,300,66,0,Open,;
1786,867,1265,5.058187,150,59,0,Open,;
1787,756,1655,0.420344,300,66,0,Open,;
1788,377,893,51.832398,75,57,0,Open,;
1789,1654,377,2.827808,75,57,0,Open,;
1790,2153,2159,4.258756,300,66,0,Open,;
1791,2161,1882,2.046546,300,66,0,Open,;
1792,460,753,3.347238,75,57,0,Open,;
1793,818,819,26.209967,110,132,0,Open,;
1794,377,378,4.673863,75,57,0,Open,;
1795,753,77,205.545253,150,59,0,Open,;
1796,1882,2160,1.894921,300,66,0,Open,;
1797,676,685,41.581908,160,135,0,Open,;
1798,2160,1881,3.872033,300,66,0,Closed,;
1799,2633,818,44.192387,110,132,0,Open,;
1800,680,2633,2.257253,110,132,0,Open,;
1801,2162,2163,28.393747,300,135,0,Open,;
1802,2163,2164,24.118534,300,135,0,Open,;
1803,1924,710,2.385754,300,135,0,Open,;
1804,819,820,8.054857,110,132,0,Open,;
1805,201,202,3.355177,300,66,0,Open,;
1806,1845,1846,25.843504,200,61,0,Open,;
1807,1654,1656,191.03336,50,57,0,Open,;
1808,710,711,0.588523,110,132,0,Open,;
1809,1843,1844,17.921052,200,61,0,Open,;
1810,1842,1843,24.523936,200,61,0,Open,;
1811,1841,1842,14.970327,200,61,0,Open,;
1812,1840,1841,3.529476,200,61,0,Open,;
1813,2153,2154,5.796335,300,66,0,Open,;
1814,755,756,1.048073,75,57,0,Open,;
1815,754,755,5.344342,75,57,0,Open,;
1816,753,754,1.820066,75,57,0,Open,;
1817,2154,2155,0.260347,300,66,0,Open,;
1818,503,2726,0.929975,60,132,0,Open,;
1819,1791,2727,1.111402,60,132,0,Open,;
1820,721,722,9.261895,110,132,0,Open,;
1821,1848,2751,8.923339,200,61,0,Open,;
1822,541,542,11.909737,350,60,0,Open,;
1823,775,158,98.241806,110,132,0,Open,;
1824,544,545,11.492232,350,60,0,Open,;
1825,538,539,10.564489,350,60,0,Open,;
1826,537,538,10.564489,350,60,0,Open,;
1827,540,541,13.065936,350,60,0,Open,;
1828,543,544,11.492232,350,60,0,Open,;
1829,536,537,10.97874,350,60,0,Open,;
1830,535,536,10.97874,350,60,0,Open,;
1831,534,535,10.118752,350,60,0,Open,;
1832,542,543,11.909737,350,60,0,Open,;
1833,539,540,13.065936,350,60,0,Open,;
1834,411,434,53.520842,75,50,0,Open,;
1835,532,533,11.662908,350,60,0,Open,;
1836,441,439,5.658041,75,50,0,Open,;
1837,178,441,4.668566,75,50,0,Open,;
1838,440,437,27.978027,75,50,0,Open,;
1839,439,440,8.198349,75,50,0,Open,;
1841,437,432,25.951805,75,50,0,Open,;
1842,432,436,24.818318,75,50,0,Open,;
1843,433,435,211.386901,50,50,0,Open,;
1844,434,435,5.779927,50,50,0,Open,;
1845,432,433,3.422409,50,50,0,Open,;
1846,430,431,3.523628,50,50,0,Open,;
1847,429,178,5.279214,75,50,0,Open,;
1848,442,443,8.188565,75,50,0,Open,;
1849,427,428,6.958714,150,52,0,Open,;
1850,426,412,52.99322,75,50,0,Open,;
1851,414,416,56.438884,75,50,0,Open,;
1852,416,418,52.934603,75,50,0,Open,;
1853,418,421,52.914711,75,50,0,Open,;
1854,424,425,103.525458,150,52,0,Open,;
1855,421,423,23.602492,75,50,0,Open,;
1856,193,384,96.063217,150,52,0,Open,;
1857,422,420,212.274405,50,50,0,Open,;
1858,420,421,8.107829,50,50,0,Open,;
1859,419,417,213.855645,50,50,0,Open,;
1860,417,418,6.447821,50,50,0,Open,;
1861,415,416,5.47442,50,50,0,Open,;
1862,195,403,53.414587,150,52,0,Open,;
1865,444,438,21.692799,75,50,0,Open,;
1866,531,532,11.662908,350,60,0,Open,;
1867,530,531,10.141888,350,60,0,Open,;
1868,529,530,10.141888,350,60,0,Open,;
1869,528,529,6.701225,350,60,0,Open,;
1870,527,528,6.701225,350,60,0,Open,;
1871,526,527,10.193772,350,60,0,Open,;
1872,525,526,10.193772,350,60,0,Open,;
1873,524,525,12.277722,350,60,0,Open,;
1874,523,524,9.245592,350,60,0,Open,;
1875,522,523,9.245592,350,60,0,Open,;
1876,521,522,20.460207,350,60,0,Open,;
1877,520,521,20.460207,350,60,0,Open,;
1878,519,520,7.933331,350,60,0,Open,;
1879,518,519,7.933331,350,60,0,Open,;
1880,517,518,1.949766,350,60,0,Open,;
1881,516,517,0.51447,350,60,0,Open,;
1882,515,516,2.464236,350,60,0,Open,;
1883,514,515,2.738047,350,60,0,Open,;
1884,513,514,1.225852,350,60,0,Open,;
1885,512,513,1.425902,350,60,0,Open,;
1886,511,512,6.201912,350,60,0,Open,;
1887,463,76,3.2196,75,50,0,Open,;
1888,462,463,12.507523,75,50,0,Open,;
1889,446,424,86.879221,150,52,0,Open,;
1890,424,411,19.164018,75,50,0,Open,;
1891,427,79,0.88,150,52,0,Open,;
1892,428,445,179.58102,150,52,0,Open,;
1893,533,534,10.118752,350,60,0,Open,;
1894,773,723,58.590706,85,132,0,Open,;
1895,606,607,21.503252,300,58,0,Open,;
1896,2186,2187,4.469789,75,50,0,Open,;
1897,682,683,4.114459,85,132,0,Open,;
1898,681,682,14.157075,85,132,0,Open,;
1899,673,674,171.151402,32,135,0,Open,;
1900,671,672,140.961905,60,132,0,Open,;
1901,669,670,3.064127,150,52,0,Open,;
1902,667,668,3.896749,150,52,0,Open,;
1903,665,666,3.67311,75,50,0,Open,;
1906,653,654,6.751538,75,50,0,Open,;
1907,1993,1988,0.405395,32,135,0,Open,;
1908,650,408,5.802342,50,50,0,Open,;
1909,683,684,4.403662,85,132,0,Open,;
1910,413,414,4.182231,50,50,0,Open,;
1911,407,649,3.665511,50,50,0,Open,;
1912,647,648,26.576281,75,50,0,Open,;
1913,645,646,22.272746,50,50,0,Open,;
1914,644,645,17.848306,50,50,0,Open,;
1915,2006,1063,9.402776,32,135,0,Open,;
1916,643,644,24.97572,50,50,0,Open,;
1917,642,643,25.565225,50,50,0,Open,;
1918,641,642,27.967733,50,50,0,Open,;
1919,640,641,22.702333,50,50,0,Open,;
1920,639,640,20.529485,50,50,0,Open,;
1921,638,639,19.862964,50,50,0,Open,;
1922,637,638,23.757977,50,50,0,Open,;
1923,879,2169,27.999746,150,52,0,Open,;
1924,973,726,184.983135,60,132,0,Open,;
1925,773,693,184.925875,85,132,0,Open,;
1926,291,692,3.009267,60,132,0,Open,;
1927,312,321,3.206573,150,52,0,Open,;
1928,770,771,3.514311,50,50,0,Open,;
1929,768,769,2.675255,50,50,0,Open,;
1930,331,336,1.630256,150,52,0,Open,;
1931,290,767,81.50615,100,50,0,Open,;
1932,765,766,41.337834,75,50,0,Open,;
1934,763,764,11.06677,75,50,0,Open,;
1935,762,394,3.210123,50,50,0,Open,;
1936,284,761,3.752535,50,50,0,Open,;
1937,13,760,2.413182,85,132,0,Open,;
1938,294,303,3.810548,75,50,0,Closed,;
1939,665,759,3.984081,75,50,0,Open,;
1940,1026,758,8.102129,75,50,0,Open,;
1941,752,322,3.209311,50,50,0,Open,;
1942,740,741,132.731531,60,132,0,Open,;
1943,671,739,1.604511,85,132,0,Open,;
1944,359,364,3.400702,75,50,0,Open,;
1945,772,672,41.800075,60,132,0,Open,;
1946,672,725,57.345753,60,132,0,Open,;
1947,671,727,57.09561,60,132,0,Open,;
1948,727,725,141.319297,60,132,0,Open,;
1949,725,726,53.348721,60,132,0,Open,;
1950,723,724,44.619285,85,132,0,Open,;
1951,724,772,140.614456,60,132,0,Open,;
1952,693,772,57.900002,85,132,0,Open,;
1953,693,681,3.69,85,132,0,Open,;
1954,636,637,13.883571,50,50,0,Open,;
1955,635,636,19.054149,50,50,0,Open,;
1956,633,634,11.694896,150,52,0,Open,;
1957,632,633,19.019596,150,52,0,Open,;
1958,598,599,4.399967,300,58,0,Open,;
1959,597,598,12.421731,300,58,0,Open,;
1960,596,597,19.137625,300,58,0,Open,;
1961,595,596,14.088587,300,58,0,Open,;
1962,594,595,18.564993,300,58,0,Open,;
1963,593,594,19.790157,300,58,0,Open,;
1964,560,561,10.039858,350,60,0,Open,;
1965,559,560,10.039858,350,60,0,Open,;
1966,558,559,9.220374,350,60,0,Open,;
1967,557,558,9.220374,350,60,0,Open,;
1968,556,557,7.107155,350,60,0,Open,;
1969,555,556,7.107155,350,60,0,Open,;
1970,554,555,9.434545,350,60,0,Open,;
1971,553,554,9.434545,350,60,0,Open,;
1972,552,553,11.867612,350,60,0,Open,;
1973,551,552,5.106578,350,60,0,Open,;
1974,2190,2191,1.12997,75,50,0,Open,;
1975,550,551,13.166624,350,60,0,Open,;
1976,549,550,15.838718,350,60,0,Open,;
1977,548,549,11.111431,350,60,0,Open,;
1978,547,548,11.111431,350,60,0,Open,;
1979,546,547,10.261874,350,60,0,Open,;
1980,545,546,10.261874,350,60,0,Open,;
1982,2190,2186,88.545972,75,50,0,Open,;
1983,2189,2190,3.482143,75,50,0,Open,;
1984,2188,2189,15.736365,75,50,0,Open,;
1985,599,600,12.720563,300,58,0,Open,;
1986,2185,380,17.941413,150,52,0,Open,;
1987,600,601,16.819106,300,58,0,Open,;
1988,723,774,152.146423,85,132,0,Open,;
1989,631,632,17.776599,150,52,0,Open,;
1990,629,630,1.859491,150,52,0,Open,;
1991,627,628,9.03521,75,50,0,Open,;
1994,624,625,42.47038,75,50,0,Open,;
1995,622,623,3.573735,300,58,0,Open,;
1996,620,622,2.809153,300,58,0,Open,;
1997,190,PM.VRP.BRZ.003,15.947491,200,54,0,Open,;
1998,620,621,52.260533,300,58,0,Open,;
1999,618,619,0.952526,300,58,0,Open,;
2000,617,618,4.109047,300,58,0,Open,;
2001,616,617,15.60339,300,58,0,Open,;
2002,615,616,41.842718,300,58,0,Open,;
2003,614,615,17.54056,300,58,0,Open,;
2004,613,614,12.755887,300,58,0,Open,;
2005,612,613,20.211398,300,58,0,Open,;
2006,611,612,14.275011,300,58,0,Open,;
2007,610,611,18.996159,300,58,0,Open,;
2008,609,610,23.692186,300,58,0,Open,;
2009,608,609,20.85677,300,58,0,Open,;
2010,607,608,21.165245,300,58,0,Open,;
2011,605,606,25.910072,300,58,0,Open,;
2012,604,605,23.950136,300,58,0,Open,;
2013,603,604,22.821358,300,58,0,Open,;
2014,602,603,20.841504,300,58,0,Open,;
2015,601,602,22.002348,300,58,0,Open,;
2016,2191,2192,0.519973,75,50,0,Open,;
2017,412,386,51.263274,75,50,0,Open,;
2018,343,348,69.998551,50,50,0,Open,;
2019,410,411,217.866157,50,50,0,Open,;
2020,2647,955,8.354533,60,132,0,Open,;
2021,2646,2647,18.739482,60,132,0,Open,;
2022,2645,2646,17.006417,60,132,0,Open,;
2023,2644,2645,17.972413,60,132,0,Open,;
2024,2643,2644,16.182902,60,132,0,Open,;
2025,2642,2643,12.243496,60,132,0,Open,;
2026,2641,2642,5.37407,60,132,0,Open,;
2027,2640,2641,8.712941,50,50,0,Open,;
2028,1009,999,5.158536,50,50,0,Open,;
2029,187,188,1.799034,300,58,0,Open,;
2030,191,192,5.334431,50,50,0,Open,;
2031,358,356,89.870604,75,50,0,Open,;
2032,357,2637,9.945052,75,50,0,Open,;
2033,103,877,1.000005,100,50,0,Open,;
2034,193,194,4.34745,75,50,0,Open,;
2035,195,196,3.674386,50,50,0,Open,;
2036,197,198,3.009848,150,52,0,Open,;
2037,86,83,54.706117,75,50,0,Open,;
2038,189,190,23.76309,200,54,0,Open,;
2039,758,1068,2.392576,75,50,0,Open,;
2040,998,1023,28.63904,50,50,0,Open,;
2041,2621,2657,14.201958,350,60,0,Open,;
2042,183,184,7.360321,300,58,0,Open,;
2043,184,185,18.583562,300,58,0,Open,;
2044,185,186,21.684692,300,58,0,Open,;
2045,186,187,10.936581,300,58,0,Open,;
2046,2670,2550,10.008591,300,58,0,Open,;
2047,2669,2670,45.528342,300,58,0,Open,;
2048,2668,2669,48.535489,300,58,0,Open,;
2049,2667,2668,24.379731,300,58,0,Open,;
2050,2579,2667,8.973343,300,58,0,Open,;
2051,2666,511,24.95604,350,60,0,Open,;
2052,2665,2666,48.016978,350,60,0,Open,;
2053,2664,2665,46.061494,350,60,0,Open,;
2054,2663,2664,9.564345,350,60,0,Open,;
2055,2662,2663,5.048616,350,60,0,Open,;
2056,2661,2662,5.143343,350,60,0,Open,;
2057,2660,2661,11.440551,350,60,0,Open,;
2058,2659,2660,11.440551,350,60,0,Open,;
2059,2658,2659,11.999199,350,60,0,Open,;
2060,2657,2658,11.999199,350,60,0,Open,;
2061,199,189,316.1606,300,58,0,Open,;
2062,203,204,40.128608,32,50,0,Open,;
2063,205,206,44.785474,32,50,0,Open,;
2064,207,208,75.560177,75,50,0,Open,;
2065,231,232,13.179595,150,52,0,Open,;
2066,232,229,11.123053,150,52,0,Open,;
2067,233,PM1.DMC.BRZ.021,92.933368,150,52,0,Open,;
2068,235,236,203.833836,50,50,0,Open,;
2069,237,238,1.351541,150,52,0,Open,;
2070,231,239,8.750611,150,52,0,Open,;
2071,239,240,20.363336,150,52,0,Open,;
2072,240,241,35.920257,150,52,0,Open,;
2073,241,237,5.137278,150,52,0,Open,;
2074,242,231,2.806135,75,50,0,Closed,;
2075,243,244,19.490541,75,50,0,Open,;
2076,244,242,3.787722,75,50,0,Open,;
2077,231,245,1.785603,75,50,0,Open,;
2078,246,247,14.302562,150,52,0,Open,;
2079,247,248,7.725311,150,52,0,Open,;
2080,249,250,25.304373,60,50,0,Open,;
2081,97,251,13.511919,75,50,0,Open,;
2082,251,252,3.358846,75,50,0,Open,;
2083,253,254,2.910069,150,52,0,Open,;
2084,229,230,15.046389,150,52,0,Open,;
2085,182,183,45.544425,300,58,0,Open,;
2086,227,228,40.949243,150,52,0,Open,;
2087,222,221,30.500439,150,52,0,Open,;
2088,209,210,213.512429,50,50,0,Open,;
2089,211,212,2.535467,75,50,0,Open,;
2090,213,214,7.663561,75,50,0,Open,;
2091,207,215,8.458801,75,50,0,Open,;
2092,215,213,22.46362,75,50,0,Open,;
2093,216,217,212.712419,50,50,0,Open,;
2094,213,218,121.645866,75,50,0,Open,;
2095,211,207,6.002016,75,50,0,Open,;
2096,2620,2621,45.457672,350,60,0,Open,;
2097,2619,2620,8.459693,350,60,0,Open,;
2098,2488,2619,0.015278,350,60,0,Open,;
2099,2618,2617,5.522873,300,58,0,Open,;
2100,2554,2618,45.254513,300,58,0,Open,;
2101,2617,2139,2.314237,300,58,0,Open,;
2102,169,219,203.828568,75,50,0,Open,;
2103,220,168,213.558463,50,50,0,Open,;
2104,221,169,13.000077,75,50,0,Open,;
2105,222,223,3.456061,50,50,0,Open,;
2106,170,224,262.462481,50,50,0,Open,;
2107,225,226,37.707176,50,50,0,Open,;
2108,178,179,3.850657,150,52,0,Open,;
2109,176,177,14.499049,75,50,0,Open,;
2110,175,176,20.623438,75,50,0,Open,;
2111,1010,PM.VRP.BRZ.005,39.4385,50,50,0,Open,;
2112,75,76,47.868258,75,50,0,Open,;
2113,77,75,5.038353,75,50,0,Open,;
2114,78,79,3.419152,150,52,0,Open,;
2115,2732,375,0.800032,150,52,0,Closed,;
2116,1998,2188,2.267404,75,50,0,Open,;
2117,80,81,51.969909,75,50,0,Open,;
2118,82,80,43.831404,75,50,0,Open,;
2119,1831,1723,2.216558,150,52,0,Closed,;
2120,2730,221,14.88165,75,50,0,Open,;
2121,83,84,54.976854,75,50,0,Open,;
2122,85,86,57.181442,75,50,0,Open,;
2123,87,82,205.135559,50,50,0,Open,;
2124,88,89,24.087341,150,52,0,Open,;
2125,90,88,29.017038,150,52,0,Open,;
2126,91,90,23.806871,150,52,0,Open,;
2127,92,91,28.169361,150,52,0,Open,;
2128,93,92,24.001377,150,52,0,Open,;
2131,2722,10,17.532162,75,50,0,Open,;
2132,24,22,81.396834,75,50,0,Open,;
2133,20,21,62.323162,32,135,0,Open,;
2135,896,2768,0.971049,50,50,0,Open,;
2137,2750,593,20.31896,300,58,0,Open,;
2138,2749,2750,24.473358,300,58,0,Open,;
2139,1655,2749,16.5011,300,58,0,Open,;
2140,4,5,21.473205,75,50,0,Open,;
2141,5,6,20.025418,75,50,0,Open,;
2142,6,7,17.991106,75,50,0,Open,;
2143,7,8,19.872394,75,50,0,Open,;
2144,8,9,23.197257,75,50,0,Open,;
2145,9,10,14.24335,75,50,0,Open,;
2146,11,12,10.33288,85,132,0,Open,;
2147,2750,593,20.31896,300,58,0,Open,;
2148,2749,2750,24.473358,300,58,0,Open,;
2149,1655,2749,16.5011,300,58,0,Open,;
2150,12,13,20.502063,85,132,0,Open,;
2152,18,19,10.321139,85,132,0,Open,;
2153,22,23,74.608356,75,50,0,Open,;
2154,226,2596,13.207514,50,50,0,Open,;
2155,2721,2722,17.650706,75,50,0,Open,;
2156,1018,2720,18.607337,75,50,0,Open,;
2157,1811,1043,9.337049,75,50,0,Open,;
2158,1031,1025,22.728097,150,52,0,Open,;
2159,96,97,27.295562,75,50,0,Open,;
2160,98,96,27.319321,75,50,0,Open,;
2161,99,98,26.171254,75,50,0,Open,;
2162,100,101,40.651814,75,50,0,Open,;
2163,102,100,52.419581,75,50,0,Open,;
2164,103,104,36.4374,150,52,0,Open,;
2165,105,106,3.213711,75,50,0,Open,;
2166,107,108,202.167836,50,50,0,Open,;
2167,109,110,183.398962,75,50,0,Open,;
2168,104,111,191.84598,50,50,0,Open,;
2169,157,158,3.27363,60,132,0,Open,;
2170,167,168,30.173881,75,50,0,Open,;
2171,169,170,3.206153,50,50,0,Open,;
2172,171,107,4.462239,50,50,0,Open,;
2173,172,173,21.294671,75,50,0,Open,;
2174,173,174,16.611911,75,50,0,Open,;
2175,174,175,17.546174,75,50,0,Open,;
2176,177,1051,17.276313,75,50,0,Open,;
2177,2720,2721,23.427256,75,50,0,Open,;
2178,1056,177,6.6649,50,50,0,Open,;
2179,1037,1031,20.933484,75,50,0,Open,;
2180,2719,1018,22.423316,100,50,0,Open,;
2181,2718,2719,20.573237,100,50,0,Open,;
2182,2717,2718,20.63728,100,50,0,Open,;
2183,2716,2717,24.45072,100,50,0,Open,;
2184,2583,2716,6.534282,85,50,0,Open,;
2187,3,2007,18.472802,100,132,0,Open,;
2188,94,95,28.784699,75,50,0,Open,;
2190,1998,2188,2.267404,85,132,0,Open,;
2192,2713,2637,14.487718,75,50,0,Open,;
2193,1058,2713,4.030338,75,50,0,Open,;
2194,1026,757,9.532768,150,52,0,Open,;
2195,1024,1811,9.038511,75,50,0,Open,;
2196,11,353,16.994077,100,50,0,Open,;
2198,1052,1038,19.956013,75,50,0,Open,;
2199,1054,177,19.214326,50,50,0,Open,;
2200,386,395,51.789394,75,50,0,Open,;
2201,2596,238,1.300731,50,50,0,Closed,;
2202,872,870,3.804346,75,50,0,Open,;
2203,334,19,4.216969,75,50,0,Open,;
2204,335,336,133.900104,150,52,0,Open,;
2206,339,340,58.783997,75,50,0,Open,;
2207,341,331,2.240022,150,52,0,Open,;
2208,341,342,8.190006,150,52,0,Open,;
2209,343,344,8.114602,75,50,0,Open,;
2210,344,345,1.25156,75,50,0,Open,;
2212,346,347,287.522807,75,50,0,Open,;
2213,PM1.DMC.BRZ.022,15,38.2282,150,52,0,Open,;
2214,22,343,99.02577,75,50,0,Open,;
2215,350,343,82.251846,50,50,0,Open,;
2216,24,350,101.002041,50,50,0,Open,;
2217,351,298,219.169262,75,50,0,Open,;
2218,352,351,31.141798,75,50,0,Open,;
2219,353,354,115.1598,100,50,0,Open,;
2220,355,24,26.5,75,50,0,Open,;
2221,348,PM1.DMC.BRZ.022,240.201334,150,52,0,Open,;
2224,326,314,17.27625,150,52,0,Open,;
2225,309,81,205.164453,50,50,0,Open,;
2226,310,171,53.997338,75,50,0,Open,;
2227,304,310,51.924123,75,50,0,Open,;
2228,311,312,108.019428,150,52,0,Open,;
2229,313,311,79.327585,150,52,0,Open,;
2230,314,315,3.52777,150,52,0,Open,;
2231,313,316,3.281654,150,52,0,Open,;
2232,317,318,3.624368,150,52,0,Open,;
2233,319,320,217.201513,50,50,0,Open,;
2234,321,296,108.909439,150,52,0,Open,;
2235,322,323,204.809642,50,50,0,Open,;
2236,324,301,3.252555,150,52,0,Open,;
2237,325,326,3.316862,150,52,0,Open,;
2238,327,325,52.664191,150,52,0,Open,;
2239,317,313,32.000395,150,52,0,Open,;
2240,328,97,220.459299,50,50,0,Open,;
2241,327,329,53.420432,150,52,0,Open,;
2242,330,323,48.505476,150,52,0,Open,;
2243,314,323,34.119613,150,52,0,Open,;
2244,356,357,93.466433,75,50,0,Open,;
2245,358,355,77.496962,75,50,0,Open,;
2246,359,360,20.278881,75,50,0,Open,;
2247,358,360,93.001997,75,50,0,Open,;
2248,388,389,72.322045,50,50,0,Open,;
2249,389,390,31.265931,50,50,0,Open,;
2250,390,391,54.743447,50,50,0,Open,;
2251,391,392,9.26305,50,50,0,Open,;
2252,392,393,10.0024,50,50,0,Open,;
2253,393,394,35.156799,50,50,0,Open,;
2254,395,396,112.895089,75,50,0,Open,;
2255,396,397,81.235233,75,50,0,Open,;
2256,397,398,71.054491,75,50,0,Open,;
2257,398,399,115.988306,75,50,0,Open,;
2258,399,400,16.151783000000002,75,50,0,Open,;
2259,400,401,34.274728,75,50,0,Open,;
2260,402,403,31.310843,150,52,0,Open,;
2261,381,404,24.878454,150,52,0,Open,;
2262,405,381,19.85869,150,52,0,Open,;
2263,406,405,52.477253,150,52,0,Open,;
2264,407,406,54.143289,150,52,0,Open,;
2265,408,407,56.566143,150,52,0,Open,;
2266,409,410,3.297007,50,50,0,Open,;
2267,387,388,73.826355,50,50,0,Open,;
2268,308,84,203.995763,50,50,0,Open,;
2269,386,387,131.896507,50,50,0,Open,;
2270,384,385,92.015352,150,52,0,Open,;
2271,361,358,81.4601,75,50,0,Open,;
2272,362,361,114.001786,75,50,0,Open,;
2273,339,362,107.248162,75,50,0,Open,;
2274,360,363,3.314674,75,50,0,Open,;
2275,364,365,108.74424,75,50,0,Open,;
2276,366,334,115.573208,75,50,0,Open,;
2277,367,354,70.800338,100,50,0,Open,;
2278,355,367,3.9598,75,50,0,Open,;
2279,354,368,14.4598,75,50,0,Open,;
2281,370,371,23.144254,75,50,0,Open,;
2282,371,372,20.078789,75,50,0,Open,;
2283,372,373,20.236001,75,50,0,Open,;
2284,373,172,16.300983,75,50,0,Open,;
2285,374,375,8.196988,150,52,0,Open,;
2286,75,376,0.16,300,58,0,Open,;
2287,379,380,5.744638,150,52,0,Open,;
2288,381,382,1.362307,150,52,0,Open,;
2289,383,191,48.553443,150,52,0,Open,;
2290,385,318,86.906104,150,52,0,Open,;
2291,307,83,204.001014,50,50,0,Open,;
2292,306,86,204.00024,50,50,0,Open,;
2293,299,85,172.962746,50,50,0,Open,;
2294,111,769,9.77634,50,50,0,Open,;
2295,1742,1740,12.314942,75,50,0,Open,;
2296,110,1742,16.395224,75,50,0,Open,;
2297,2584,2172,1.824597,85,50,0,Open,;
2298,2583,2584,2.029586,85,50,0,Open,;
2299,1072,796,10.149229,75,50,0,Open,;
2300,2582,1982,14.357887,32,135,0,Open,;
2303,987,2188,1.722035,32,135,0,Open,;
2304,255,256,4.353541,150,52,0,Open,;
2305,257,258,14.809247,150,52,0,Open,;
2306,255,257,2.424267,150,52,0,Open,;
2307,258,259,20.152465,50,50,0,Open,;
2308,259,260,19.318285,50,50,0,Open,;
2309,260,261,25.566793,50,50,0,Open,;
2310,1653,630,0.304351,75,50,0,Open,;
2311,2486,2579,2.157556,300,58,0,Open,;
2312,619,2486,0.598964,300,58,0,Open,;
2313,2585,2586,55.943206,150,52,0,Open,;
2314,261,262,22.968795,50,50,0,Open,;
2315,2586,2587,15.676755,150,52,0,Open,;
2316,256,2588,21.503478,150,52,0,Open,;
2317,228,246,27.272369,150,52,0,Open,;
2318,2595,227,22.678964,150,52,0,Open,;
2319,230,2595,19.521962,150,52,0,Open,;
2320,2594,940,49.929435,50,50,0,Open,;
2321,2593,2594,18.149815,50,50,0,Open,;
2322,2592,2593,18.841542,50,50,0,Open,;
2323,2591,2592,26.883532,50,50,0,Open,;
2324,243,2591,19.784059,50,50,0,Open,;
2325,2590,1948,20.522528,50,50,0,Open,;
2326,266,2590,48.368602,50,50,0,Open,;
2327,875,870,10.495111,50,50,0,Open,;
2328,1947,871,13.78273,75,50,0,Open,;
2329,1713,1707,20.144419,50,50,0,Open,;
2330,1713,94,15.533584,75,50,0,Open,;
2331,1908,1706,4.918892,150,52,0,Open,;
2332,1708,1908,12.153438,50,50,0,Open,;
2333,876,238,10.046957,150,52,0,Open,;
2334,2589,1940,20.084758,150,52,0,Open,;
2335,2588,2589,14.528391,150,52,0,Open,;
2336,1942,2585,15.96007,150,52,0,Open,;
2337,288,2587,7.560939,150,52,0,Open,;
2338,2571,2569,0.119251,60,132,0,Open,;
2339,2569,2196,0.49674,60,132,0,Open,;
2340,280,281,16.362101,50,50,0,Open,;
2341,281,282,17.798841,50,50,0,Open,;
2342,282,283,12.748159,50,50,0,Open,;
2343,283,284,18.82428,50,50,0,Open,;
2344,285,286,18.977548,75,50,0,Open,;
2345,286,271,7.864271,75,50,0,Open,;
2346,287,288,10.232061,150,52,0,Open,;
2347,249,289,17.581882,100,50,0,Open,;
2348,289,290,107.420755,100,50,0,Open,;
2349,291,249,165.27152,100,50,0,Open,;
2350,292,293,132.251815,100,50,0,Open,;
2351,294,105,5.298726,150,52,0,Open,;
2352,295,296,3.722957,150,52,0,Open,;
2353,297,298,4.02523,50,50,0,Open,;
2354,297,299,27.979271,50,50,0,Open,;
2355,300,298,3.472706,150,52,0,Open,;
2356,301,302,99.408351,150,52,0,Open,;
2357,303,304,48.94009,75,50,0,Open,;
2358,304,305,3.859938,50,50,0,Open,;
2359,2550,2551,10.168094,300,58,0,Open,;
2360,2570,2571,0.314283,60,132,0,Open,;
2361,2551,2552,22.773681,300,58,0,Open,;
2362,2553,2554,14.31686,300,58,0,Open,;
2363,2196,2184,0.665864,60,132,0,Open,;
2364,262,263,14.646697,50,50,0,Open,;
2365,263,264,19.09888,50,50,0,Open,;
2366,264,265,29.456225,50,50,0,Open,;
2367,265,266,18.915972,50,50,0,Open,;
2368,267,268,10.557823,150,52,0,Open,;
2369,268,269,22.526577,150,52,0,Open,;
2370,269,270,20.614201,150,52,0,Open,;
2371,270,255,16.507339,150,52,0,Open,;
2372,253,252,203.6618,150,52,0,Open,;
2373,271,272,19.182062,50,50,0,Open,;
2374,272,273,20.637888,50,50,0,Open,;
2375,273,274,20.265579,50,50,0,Open,;
2376,274,275,15.692136,50,50,0,Open,;
2377,275,276,21.508047,50,50,0,Open,;
2378,276,277,19.895647,50,50,0,Open,;
2379,277,278,19.893322,50,50,0,Open,;
2380,278,279,19.984181,50,50,0,Open,;
2381,279,280,16.007047,50,50,0,Open,;
2382,2552,2553,23.971263,300,58,0,Open,;
2383,258,285,24.743354,75,50,0,Open,;
2384,793,335,8.55,32,135,0,Open,;
2385,2176,2177,20.825119,75,50,0,Open,;
2386,1753,1754,21.825783,300,58,0,Open,;
2387,1752,1753,20.044382,300,58,0,Open,;
2388,1751,1752,12.8724,300,58,0,Open,;
2389,188,1751,1.815336,300,58,0,Open,;
2390,1750,375,1.367882,150,52,0,Open,;
2391,1749,1064,129.115148,32,135,0,Open,;
2392,1747,1748,25.812052,32,135,0,Open,;
2393,1038,1047,19.692488,75,50,0,Open,;
2394,768,267,1.4624,150,52,0,Open,;
2395,1723,1744,1.042233,75,50,0,Closed,;
2396,766,108,12.930083,75,50,0,Open,;
2397,1715,1743,3.187486,50,50,0,Open,;
2398,1743,327,202.209887,50,50,0,Open,;
2399,1716,900,3.213726,50,50,0,Open,;
2400,1741,1742,33.126176,75,50,0,Open,;
2401,1754,1755,20.676953,300,58,0,Open,;
2402,1755,1756,27.259936,300,58,0,Open,;
2403,1756,1757,14.769516,300,58,0,Open,;
2404,1757,1758,18.720312,300,58,0,Open,;
2405,1045,1046,21.346832,75,50,0,Open,;
2406,1046,4,24.419627,75,50,0,Open,;
2407,434,414,53.953281,75,50,0,Open,;
2408,1770,620,17.857396,300,58,0,Open,;
2409,1769,561,10.033868,300,58,0,Open,;
2410,1768,1769,10.033868,300,58,0,Open,;
2411,1767,1768,12.225929,300,58,0,Open,;
2412,768,1741,10.908445,75,50,0,Open,;
2413,1766,1767,12.225929,300,58,0,Open,;
2414,1764,1765,8.345367,300,58,0,Open,;
2415,1763,1764,1.005507,300,58,0,Open,;
2416,1762,1763,1.005507,300,58,0,Open,;
2417,1761,1762,9.69263,300,58,0,Open,;
2418,1760,1761,9.69263,300,58,0,Open,;
2419,1759,1760,18.517303,300,58,0,Open,;
2420,1758,1759,26.59144,300,58,0,Open,;
2421,1765,1766,8.345367,300,58,0,Open,;
2422,1044,1045,15.838233,75,50,0,Open,;
2423,1740,765,40.285244,75,50,0,Open,;
2424,108,235,55.998284,75,50,0,Open,;
2425,1723,1722,14.989319,150,52,0,Open,;
2426,1722,1717,16.568456,150,52,0,Open,;
2427,1721,246,21.902432,150,52,0,Open,;
2428,1720,1721,21.196798,150,52,0,Open,;
2429,1719,1720,11.528268,150,52,0,Open,;
2430,1718,1719,17.26588,150,52,0,Open,;
2431,1717,1718,21.592912,150,52,0,Open,;
2432,648,752,25.962472,75,50,0,Open,;
2433,752,1711,26.221886,75,50,0,Open,;
2434,1711,1716,26.034366,75,50,0,Open,;
2435,1716,320,24.030608,75,50,0,Open,;
2436,1687,1690,3.59528,150,52,0,Open,;
2437,320,1715,31.173765,75,50,0,Open,;
2438,1715,949,27.032784,75,50,0,Open,;
2439,1709,402,24.458351,150,52,0,Open,;
2440,1724,1725,17.501971,150,52,0,Open,;
2441,1725,1726,26.229513,150,52,0,Open,;
2442,1726,1727,7.914581,150,52,0,Open,;
2443,1728,1729,20.858923,75,50,0,Open,;
2444,235,225,50.997646,75,50,0,Open,;
2445,1739,761,10.015105,150,52,0,Open,;
2446,1738,1739,16.26968,150,52,0,Open,;
2447,287,1738,25.371527,150,52,0,Open,;
2448,1737,635,14.68324,75,50,0,Open,;
2449,1736,1737,19.02902,75,50,0,Open,;
2450,271,1736,19.292559,75,50,0,Open,;
2451,312,647,3.209269,75,50,0,Closed,;
2452,1735,926,8.313378,75,50,0,Open,;
2453,1733,1734,13.49456,75,50,0,Open,;
2454,926,1733,16.278765,75,50,0,Open,;
2455,1732,1724,10.622621,150,52,0,Open,;
2456,1731,1732,27.729867,150,52,0,Open,;
2457,924,1731,13.871844,150,52,0,Open,;
2458,1730,243,10.836686,75,50,0,Open,;
2459,1729,1730,20.306132,75,50,0,Open,;
2460,1734,1728,22.87559,75,50,0,Open,;
2461,172,1044,19.246292,75,50,0,Open,;
2462,1038,1036,6.854312,75,50,0,Open,;
2463,1042,1043,16.669662,75,50,0,Open,;
2464,172,1013,18.886419,50,50,0,Open,;
2465,1838,1839,1.185203,300,58,0,Open,;
2466,1837,1838,1.185203,300,58,0,Open,;
2467,1836,1837,0.587507,300,58,0,Open,;
2468,184,1836,0.587507,300,58,0,Open,;
2469,1643,653,3.549546,300,58,0,Open,;
2470,182,1643,2.775394,300,58,0,Open,;
2471,182,1770,33.926679,300,58,0,Open,;
2472,623,1835,7.868661,300,58,0,Open,;
2473,2177,1981,13.210127,75,50,0,Open,;
2474,621,1648,2.756725,150,52,0,Open,;
2475,1770,901,4.510672,75,50,0,Open,;
2476,1833,631,10.137615,150,52,0,Open,;
2477,1832,1833,18.970921,150,52,0,Open,;
2478,761,1832,23.289677,150,52,0,Open,;
2480,1011,1009,73.284479,50,50,0,Open,;
2481,1009,1010,114.773603,50,50,0,Open,;
2482,1008,993,16.103449,50,50,0,Open,;
2483,302,294,3.906481,150,52,0,Open,;
2484,1902,916,82.276875,50,50,0,Open,;
2485,1901,1902,13.240487,50,50,0,Open,;
2486,1900,1901,25.468367,50,50,0,Open,;
2487,1899,1900,82.84176,50,50,0,Open,;
2488,1898,1899,57.465814,50,50,0,Open,;
2489,1897,1898,27.37649,50,50,0,Open,;
2490,646,631,3.919405,50,50,0,Open,;
2491,412,1897,116.733886,50,50,0,Open,;
2492,1895,1896,19.487146,150,52,0,Open,;
2493,629,1895,181.252838,150,52,0,Open,;
2494,1004,1005,15.1801,50,50,0,Open,;
2495,1005,1006,18.050607,50,50,0,Open,;
2496,1006,1007,23.860352,50,50,0,Open,;
2497,1007,1008,21.387304,50,50,0,Open,;
2498,1690,306,25.937282,150,52,0,Open,;
2499,1896,1655,2.773766,150,52,0,Open,;
2500,1727,1831,25.050528,150,52,0,Open,;
2501,924,939,2.75639,50,50,0,Open,;
2502,1714,1830,267.666651,50,50,0,Open,;
2503,1043,1814,9.037615,75,50,0,Open,;
2504,1011,1813,110.748085,150,52,0,Open,;
2505,1811,1812,109.629129,50,50,0,Open,;
2506,768,1810,7.123475,75,50,0,Open,;
2507,628,1809,12.46134,150,52,0,Open,;
2508,1030,1031,13.310948,150,52,0,Open,;
2509,4,1032,11.827481,75,50,0,Open,;
2511,1032,1033,18.804935,75,50,0,Open,;
2512,1034,1035,22.025854,75,50,0,Open,;
2513,1035,1026,4.091692,75,50,0,Open,;
2514,1036,1037,48.638766,75,50,0,Open,;
2515,1036,1039,19.082452,75,50,0,Open,;
2516,1039,1040,13.125132,75,50,0,Open,;
2517,1040,1041,18.517171,75,50,0,Open,;
2518,1041,1042,17.918347,75,50,0,Open,;
2519,1033,1034,18.567889,75,50,0,Open,;
2520,1702,1714,3.459106,75,50,0,Closed,;
2521,903,1816,11.596667,150,52,0,Open,;
2522,1028,1029,20.998827,150,52,0,Open,;
2523,198,674,25.3649,150,52,0,Open,;
2524,1092,342,230.251397,150,52,0,Open,;
2525,1091,1077,45.518884,100,50,0,Open,;
2526,1013,1014,21.456461,50,50,0,Open,;
2527,1014,1015,18.962747,50,50,0,Open,;
2528,1015,1016,13.552339,50,50,0,Open,;
2529,1016,1017,26.418744,50,50,0,Open,;
2530,1029,1030,19.670028,150,52,0,Open,;
2531,1017,1018,16.96224,50,50,0,Open,;
2532,1020,1021,18.998562,75,50,0,Open,;
2533,1021,1022,17.632516,75,50,0,Open,;
2534,1022,1023,11.545875,75,50,0,Open,;
2535,1011,1024,58.277209,75,50,0,Open,;
2536,1025,1011,63.65273,150,52,0,Open,;
2537,1026,1027,22.095831,150,52,0,Open,;
2538,1027,1028,22.095631,150,52,0,Open,;
2539,1019,1020,14.800726,75,50,0,Open,;
2540,1712,1713,23.840246,75,50,0,Open,;
2541,245,1712,9.854228,75,50,0,Open,;
2542,196,98,216.697816,50,50,0,Open,;
2543,948,624,16.86775,75,50,0,Open,;
2544,461,75,14.241404,300,58,0,Open,;
2545,77,1653,7.499815,75,50,0,Open,;
2546,1651,1652,1.304745,300,58,0,Open,;
2547,630,1650,3.327416,300,58,0,Open,;
2548,1650,1651,8.067052,300,58,0,Open,;
2549,1649,624,5.603189,75,50,0,Open,;
2552,891,1647,41.923293,75,50,0,Open,;
2553,1646,891,6.210331,75,50,0,Open,;
2556,888,1645,42.289375,75,50,0,Open,;
2557,1644,888,5.551237,75,50,0,Open,;
2558,1656,628,18.59383,75,50,0,Open,;
2559,191,408,51.425484,150,52,0,Open,;
2561,1658,886,216.889381,150,52,0,Open,;
2562,445,1670,6.173891,75,50,0,Open,;
2563,1663,1669,21.679799,75,50,0,Open,;
2564,374,1667,197.168317,150,52,0,Open,;
2565,1667,1668,7.818775,150,52,0,Open,;
2566,192,1661,198.651699,50,50,0,Open,;
2567,1662,650,197.91083,50,50,0,Open,;
2568,431,764,179.701323,50,50,0,Open,;
2570,1666,406,3.658409,50,50,0,Open,;
2571,1664,1665,28.186907,75,50,0,Open,;
2572,1663,1662,26.019418,75,50,0,Open,;
2573,1662,419,27.567265,75,50,0,Open,;
2574,419,1661,24.075898,75,50,0,Open,;
2575,1661,422,27.842202,75,50,0,Open,;
2576,422,1660,24.482082,75,50,0,Open,;
2577,1659,1658,11.409347,150,52,0,Open,;
2578,436,1664,27.884234,75,50,0,Open,;
2580,76,1642,42.992113,75,50,0,Open,;
2581,1047,1048,20.286538,75,50,0,Open,;
2582,23,1072,116.83468,75,50,0,Open,;
2583,15,346,72.99848,75,50,0,Open,;
2584,1089,2490,16.388402,150,52,0,Open,;
2585,359,362,80.513777,75,50,0,Open,;
2586,366,359,111.783399,75,50,0,Open,;
2587,1073,1074,171.851857,100,50,0,Open,;
2588,1074,1075,7.982133,100,50,0,Open,;
2589,1071,993,11.389023,75,50,0,Open,;
2590,1073,197,63.234817,100,50,0,Open,;
2591,1077,1076,45.02874,100,50,0,Open,;
2592,1088,1089,56.461709,150,52,0,Open,;
2593,1090,1088,22.251952,150,52,0,Open,;
2594,1091,1090,2.045363,150,52,0,Open,;
2595,1092,1090,1.498146,150,52,0,Open,;
2596,1093,673,4.321148,32,135,0,Open,;
2597,368,23,92.460445,75,50,0,Open,;
2598,197,1076,40.135675,100,50,0,Open,;
2600,1070,1071,22.137369,75,50,0,Open,;
2601,1068,1069,9.759763,75,50,0,Open,;
2602,1048,1049,22.361773,75,50,0,Open,;
2603,1049,1050,22.600421,75,50,0,Open,;
2604,1050,4,9.003656,75,50,0,Open,;
2605,1051,1052,43.717219,75,50,0,Open,;
2606,1054,975,57.110953,50,50,0,Open,;
2607,1055,1056,69.18414,50,50,0,Open,;
2608,1057,1055,71.976508,50,50,0,Open,;
2609,1069,1070,17.190271,75,50,0,Open,;
2610,1058,1059,13.013212,85,132,0,Open,;
2611,1060,1061,20.37183,85,132,0,Open,;
2612,1061,11,9.954764,85,132,0,Open,;
2613,1062,1063,1.130708,32,135,0,Open,;
2614,1064,1065,0.660631,32,135,0,Open,;
2615,1065,1066,10.745052,32,135,0,Open,;
2617,971,1019,7.350701,75,50,0,Open,;
2618,1059,1060,20.70051,85,132,0,Open,;
2619,102,109,4.463604,75,50,0,Open,;
2621,1671,1657,10.605847,150,52,0,Open,;
2622,89,950,3.212558,50,50,0,Open,;
2623,214,1696,24.36697,75,50,0,Open,;
2624,1697,874,20.220863,75,50,0,Open,;
2625,1689,300,27.432627,150,52,0,Open,;
2626,89,1700,27.04137,150,52,0,Open,;
2627,1700,1699,30.320821,150,52,0,Open,;
2628,1699,209,3.215914,50,50,0,Open,;
2629,1699,1698,22.687027,150,52,0,Open,;
2630,1698,222,27.809382,150,52,0,Open,;
2631,1679,211,55.080817,75,50,0,Open,;
2632,1696,1697,123.068827,75,50,0,Open,;
2633,1695,80,200.880965,50,50,0,Open,;
2634,87,1694,12.798535,150,52,0,Open,;
2635,1694,1693,31.223546,150,52,0,Open,;
2636,1693,1683,25.614622,150,52,0,Open,;
2637,1701,1702,57.502989,75,50,0,Open,;
2638,1701,655,130.654451,50,50,0,Open,;
2639,1703,1701,52.224366,75,50,0,Open,;
2640,1703,656,130.745754,50,50,0,Open,;
2641,899,1711,216.497713,50,50,0,Open,;
2642,96,1710,204.003802,50,50,0,Open,;
2643,329,1710,53.667518,150,52,0,Open,;
2644,1710,253,43.385403,150,52,0,Open,;
2645,880,1709,51.996509,150,52,0,Open,;
2646,252,667,19.495499,150,52,0,Open,;
2647,898,648,215.359384,50,50,0,Open,;
2648,1683,309,26.930815,150,52,0,Open,;
2649,1707,1708,102.490989,50,50,0,Open,;
2650,1706,770,10.291549,150,52,0,Open,;
2651,770,93,28.510706,150,52,0,Open,;
2652,95,1705,52.644654,75,50,0,Open,;
2653,1705,798,130.623737,50,50,0,Open,;
2654,1705,1704,52.550477,75,50,0,Open,;
2655,1704,797,130.740913,50,50,0,Open,;
2656,1704,1703,51.782694,75,50,0,Open,;
2657,95,799,131.409607,50,50,0,Open,;
2658,309,1692,24.741899,150,52,0,Open,;
2659,1692,308,27.637621,150,52,0,Open,;
2660,308,1691,27.695234,150,52,0,Open,;
2661,84,1679,16.54321,75,50,0,Open,;
2662,854,1678,25.576741,75,50,0,Open,;
2663,1678,762,26.906313,75,50,0,Open,;
2664,762,1677,26.112183,75,50,0,Open,;
2665,1677,915,25.113369,75,50,0,Open,;
2666,915,868,29.494822,75,50,0,Open,;
2667,854,1676,28.391509,75,50,0,Open,;
2668,81,1679,35.000506,75,50,0,Open,;
2669,1676,1675,56.500104,75,50,0,Open,;
2670,1668,1673,1.921666,75,50,0,Open,;
2671,1673,PM.VRP.BRZ.001,19.544071,150,52,0,Open,;
2672,380,902,70.180288,150,52,0,Open,;
2674,902,193,12.132737,150,52,0,Open,;
2675,1652,1671,130.499419,150,52,0,Open,;
2676,404,1659,3.176161,150,52,0,Open,;
2677,1675,352,50.997541,75,50,0,Open,;
2678,78,430,43.312557,150,52,0,Open,;
2679,404,1680,2.64594,150,52,0,Open,;
2680,436,1666,200.08091,50,50,0,Open,;
2681,1691,669,5.505679,150,52,0,Open,;
2682,295,87,28.513584,150,52,0,Open,;
2683,669,307,19.733854,150,52,0,Open,;
2684,307,1690,29.910725,150,52,0,Open,;
2685,306,1689,26.503058,150,52,0,Open,;
2686,352,1688,216.128563,50,50,0,Open,;
2687,1675,1687,216.405037,50,50,0,Open,;
2688,405,1681,0.902597,300,58,0,Open,;
2689,1676,1686,217.103398,150,52,0,Open,;
2690,1677,1684,217.49493,50,50,0,Open,;
2691,1683,1684,3.716186,50,50,0,Open,;
2692,868,1682,217.624692,150,52,0,Open,;
2693,951,311,19.347796,75,50,0,Open,;
2694,194,426,17.757931,75,50,0,Open,;
2695,1663,415,215.899082,75,50,0,Open,;
2696,1664,413,216.557423,50,50,0,Open,;
2697,1678,1685,216.981304,50,50,0,Open,;
2698,1903,102,40.242306,75,50,0,Open,;
2699,1648,1834,10.938986,150,52,0,Open,;
2700,1904,765,201.123407,50,50,0,Open,;
2701,940,941,22.736856,50,50,0,Open,;
2702,941,942,13.126513,50,50,0,Open,;
2703,942,943,19.496607,50,50,0,Open,;
2704,943,944,20.828603,50,50,0,Open,;
2705,944,945,14.921506,50,50,0,Open,;
2706,945,946,14.309947,50,50,0,Open,;
2707,341,947,4.548241,150,52,0,Open,;
2708,208,665,46.536055,75,50,0,Open,;
2709,949,99,26.642226,75,50,0,Open,;
2710,950,873,213.000988,50,50,0,Open,;
2711,869,951,3.092298,75,50,0,Open,;
2712,952,103,66.99376,150,52,0,Open,;
2713,955,956,15.404106,60,132,0,Open,;
2714,956,957,19.663358,60,132,0,Open,;
2715,957,958,18.826911,60,132,0,Open,;
2716,958,959,21.455216,60,132,0,Open,;
2717,959,960,18.430215,60,132,0,Open,;
2718,960,961,16.707085,60,132,0,Open,;
2719,961,962,19.109231,60,132,0,Open,;
2720,938,939,13.677686,50,50,0,Open,;
2721,937,938,14.683531,50,50,0,Open,;
2722,936,937,13.537714,50,50,0,Open,;
2723,935,936,21.124034,50,50,0,Open,;
2724,179,885,20.93446,75,50,0,Open,;
2725,879,898,3.209298,50,50,0,Open,;
2726,880,899,3.212499,50,50,0,Open,;
2727,900,326,203.817532,50,50,0,Open,;
2728,901,404,6.82518,150,52,0,Open,;
2729,902,903,4.041341,150,52,0,Open,;
2730,914,329,201.874425,50,50,0,Open,;
2731,310,236,3.260978,50,50,0,Open,;
2732,915,916,3.187133,50,50,0,Open,;
2733,962,963,15.613467,60,132,0,Open,;
2734,924,634,8.796069,150,52,0,Open,;
2735,926,927,20.113645,50,50,0,Open,;
2736,927,928,15.969754,50,50,0,Open,;
2737,928,929,21.676544,50,50,0,Open,;
2738,929,930,19.467534,50,50,0,Open,;
2739,930,931,19.292996,50,50,0,Open,;
2740,931,932,23.110999,50,50,0,Open,;
2741,932,933,18.46598,50,50,0,Open,;
2742,933,934,20.282725,50,50,0,Open,;
2743,934,935,17.920958,50,50,0,Open,;
2744,225,305,203.480087,50,50,0,Open,;
2745,446,897,1.728203,50,50,0,Open,;
2746,963,964,15.09541,60,132,0,Open,;
2747,965,966,17.834649,60,132,0,Open,;
2748,2008,2009,375.106302,110,132,0,Open,;
2749,3,369,4.650704,100,132,0,Open,;
2750,2007,975,62.400766,100,132,0,Open,;
2751,1952,1980,61.649101,32,135,0,Open,;
2752,1749,2006,71.095918,32,135,0,Open,;
2753,1062,19,123.695353,32,135,0,Open,;
2754,1066,1093,48.332421,85,132,0,Open,;
2755,2005,2006,124.416932,32,135,0,Open,;
2756,2004,2005,10.223419,32,135,0,Open,;
2757,1066,1995,11.362975,85,132,0,Open,;
2758,2004,1093,27.092393,85,132,0,Open,;
2759,18,2004,8.967258,85,132,0,Open,;
2760,18,1996,43.998879,85,132,0,Open,;
2761,340,366,21.213114,75,50,0,Open,;
2762,1996,2003,97.119488,85,132,0,Open,;
2763,2003,340,12.000037,85,132,0,Open,;
2764,2002,1999,2.819024,32,135,0,Open,;
2765,985,2002,99.017681,32,135,0,Open,;
2766,2000,986,101.911303,32,135,0,Open,;
2767,2009,1974,68.001139,110,132,0,Open,;
2768,106,82,31.668235,75,50,0,Open,;
2769,1652,2008,4.821904,110,132,0,Open,;
2770,339,2010,245.807329,60,132,0,Open,;
2771,966,967,17.390179,60,132,0,Open,;
2772,967,968,17.227209,60,132,0,Open,;
2773,968,969,15.661815,60,132,0,Open,;
2774,969,970,0.040971,60,132,0,Open,;
2779,104,1903,3.844022,75,50,0,Open,;
2780,964,965,17.530201,60,132,0,Open,;
2781,1747,674,77.299237,32,135,0,Open,;
2782,980,978,74.37654,32,135,0,Open,;
2783,1073,1748,16.193348,100,50,0,Open,;
2784,981,982,1.27202,32,135,0,Open,;
2785,982,972,166.953812,32,135,0,Open,;
2786,981,983,62.967691,32,135,0,Open,;
2787,983,984,83.166395,32,135,0,Open,;
2788,984,985,14.626524,32,135,0,Open,;
2789,986,987,8.374248,32,135,0,Open,;
2790,1997,1747,182.641377,85,132,0,Open,;
2791,979,974,167.003037,32,135,0,Open,;
2792,2001,985,80.284699,32,135,0,Open,;
2793,878,740,128.269134,60,132,0,Open,;
2794,890,891,16.958056,75,50,0,Open,;
2795,2156,199,42.717646,300,58,0,Open,;
2796,621,2157,52.2029,300,58,0,Open,;
2797,626,2158,11.12975,75,50,0,Open,;
2798,2157,626,2.606343,75,50,0,Open,;
2799,2156,1750,14.055017,300,58,0,Open,;
2800,1658,1672,2.288773,150,52,0,Open,;
2801,1709,319,3.207069,50,50,0,Open,;
2802,2104,219,28.217982,75,50,0,Open,;
2803,2104,210,52.306868,75,50,0,Open,;
2804,1665,1669,7.50269,75,50,0,Open,;
2805,223,2104,213.163935,50,50,0,Open,;
2806,1950,949,217.441679,50,50,0,Open,;
2807,292,779,3.339015,110,132,0,Open,;
2808,767,780,33.553513,110,132,0,Open,;
2809,781,776,44.506186,110,132,0,Open,;
2810,782,781,175.740002,110,132,0,Open,;
2811,158,783,92.732302,110,132,0,Open,;
2812,782,775,73.195841,110,132,0,Open,;
2813,780,784,189.69823,110,132,0,Open,;
2814,2157,2156,188.841213,300,58,0,Open,;
2815,635,2165,16.350332,75,50,0,Open,;
2816,2165,2166,20.323498,75,50,0,Open,;
2817,2166,1735,12.095994,75,50,0,Open,;
2818,2175,2176,21.101151,75,50,0,Open,;
2819,2174,2175,8.82602,75,50,0,Open,;
2820,10,2174,2.761457,75,50,0,Open,;
2821,293,291,39.476674,100,50,0,Open,;
2822,2173,1995,10.456422,32,135,0,Open,;
2823,805,2173,0.576908,32,135,0,Open,;
2824,2172,1983,0.348102,85,132,0,Open,;
2825,1991,1989,0.461172,32,135,0,Open,;
2826,2171,2170,6.139427,75,50,0,Open,;
2827,785,786,0.731347,32,135,0,Open,;
2828,2170,1,2.018393,75,50,0,Open,;
2829,776,777,70.748581,60,132,0,Open,;
2830,776,778,3.164348,110,132,0,Open,;
2831,301,330,4.999967,150,52,0,Closed,;
2832,2169,317,1.99999,150,52,0,Closed,;
2833,2168,384,2.53247,75,50,0,Closed,;
2834,2167,2168,0.693542,75,50,0,Open,;
2835,423,2167,1.773942,75,50,0,Open,;
2836,1660,1673,4.999994,75,50,0,Closed,;
2837,101,171,14.99999,75,50,0,Open,;
2839,224,896,17.244089,50,50,0,Open,;
2840,786,787,107.325039,32,135,0,Open,;
2841,789,790,117.756702,32,135,0,Open,;
2842,210,873,58.016776,75,50,0,Open,;
2843,874,218,11.772172,75,50,0,Open,;
2844,771,875,202.134155,50,50,0,Open,;
2845,873,167,22.459317,75,50,0,Open,;
2846,667,425,201.376396,150,52,0,Open,;
2847,PM1.DMC.BRZ.021,876,93.409857,150,52,0,Open,;
2848,877,292,13.465582,100,50,0,Open,;
2849,299,878,99.343019,60,132,0,Open,;
2850,879,880,52.494771,150,52,0,Open,;
2851,426,881,133.654113,50,50,0,Open,;
2852,881,882,55.370545,50,50,0,Open,;
2853,882,883,67.109044,50,50,0,Open,;
2854,883,884,43.491177,50,50,0,Open,;
2855,884,869,95.720025,50,50,0,Open,;
2856,328,195,56.04171,150,52,0,Open,;
2857,425,328,14.052522,150,52,0,Open,;
2858,885,446,110.008216,150,52,0,Open,;
2859,886,885,5.310414,75,50,0,Open,;
2860,887,888,16.878513,75,50,0,Open,;
2861,168,217,50.600358,75,50,0,Open,;
2862,217,872,51.319026,75,50,0,Open,;
2863,870,871,50.005012,75,50,0,Open,;
2864,208,203,30.294048,32,50,0,Open,;
2865,785,788,72.173897,32,135,0,Open,;
2866,791,785,34.855472,32,135,0,Open,;
2867,342,792,2.3899,85,132,0,Open,;
2868,335,348,3.2398,32,135,0,Open,;
2869,794,795,55.572482,32,135,0,Open,;
2870,335,794,3.4598,32,135,0,Open,;
2874,788,789,1.134006,32,135,0,Open,;
2876,760,801,18.279417,85,132,0,Open,;
2877,801,802,23.682415,85,132,0,Open,;
2878,802,803,8.844031,85,132,0,Open,;
2879,803,804,8.844238,85,132,0,Open,;
2880,804,796,17.626147,85,132,0,Open,;
2881,795,805,129.72957,32,135,0,Open,;
2882,401,854,3.33624,75,50,0,Open,;
2883,868,869,22.977456,75,50,0,Open,;
2884,203,205,33.126343,32,50,0,Open,;
2886,986,2001,2.010998,32,135,0,Open,;
2887,978,979,0.849365,32,135,0,Open,;
2888,296,324,93.501696,150,52,0,Open,;
2889,1694,1682,3.141389,150,52,0,Open,;
2890,99,914,3.212533,50,50,0,Open,;
2891,1692,1685,3.79876,50,50,0,Open,;
2892,1691,1686,3.307417,150,52,0,Open,;
2893,1689,1688,3.297956,50,50,0,Open,;
2894,1948,287,3.076098,50,50,0,Open,;
2895,1905,665,9.468046,75,50,0,Open,;
2896,105,233,3.213686,150,52,0,Open,;
2897,1921,1724,3.247254,50,50,0,Open,;
2898,946,1727,2.97351,50,50,0,Open,;
2899,1946,1947,19.514835,75,50,0,Open,;
2900,1945,1946,22.016818,75,50,0,Open,;
2901,1944,1945,14.189372,75,50,0,Open,;
2902,1943,1944,19.931934,75,50,0,Open,;
2903,1744,1943,18.374028,75,50,0,Open,;
2904,1693,1695,3.683578,50,50,0,Open,;
2905,1941,1942,43.571019,150,52,0,Open,;
2906,1999,2000,83.074875,32,135,0,Open,;
2907,403,1950,3.245989,50,50,0,Open,;
2908,1961,1962,16.228686,32,135,0,Open,;
2909,1960,1961,14.348273,32,135,0,Open,;
2910,1959,1960,18.747693,32,135,0,Open,;
2911,970,1959,16.995123,32,135,0,Open,;
2912,757,988,19.472013,150,52,0,Open,;
2913,1956,20,0.602944,32,135,0,Open,;
2914,332,1956,1.78278,32,135,0,Open,;
2915,1955,332,2.177025,32,135,0,Open,;
2916,1952,1955,134.147813,32,135,0,Open,;
2917,1954,1749,0.5229,32,135,0,Open,;
2918,344,1954,1.0436,32,135,0,Open,;
2919,1953,344,1.0135,32,135,0,Open,;
2920,795,1953,9.47,32,135,0,Open,;
2921,793,1952,7.4303,32,135,0,Open,;
2922,649,1665,198.480609,50,50,0,Open,;
2923,988,989,20.727694,150,52,0,Open,;
2924,1940,1941,52.630402,150,52,0,Open,;
2925,989,990,21.877823,150,52,0,Open,;
2926,1938,773,14.751539,85,132,0,Open,;
2927,1915,1916,16.722482,50,50,0,Open,;
2928,1914,1915,17.394351,50,50,0,Open,;
2929,1913,1914,21.101585,50,50,0,Open,;
2930,1912,1913,20.446477,50,50,0,Open,;
2931,1911,1912,19.212712,50,50,0,Open,;
2932,1910,1911,18.838084,50,50,0,Open,;
2933,1728,1910,20.110686,50,50,0,Open,;
2934,90,220,2.67167,50,50,0,Open,;
2935,92,216,3.209238,50,50,0,Open,;
2936,1909,248,5.337439,150,52,0,Open,;
2937,1908,1909,24.50639,150,52,0,Open,;
2938,1702,1906,3.455196,75,50,0,Open,;
2939,1906,1907,110.234999,75,50,0,Open,;
2940,218,1905,20.832042,75,50,0,Open,;
2941,100,1904,4.4583,50,50,0,Open,;
2942,1916,1917,25.965666,50,50,0,Open,;
2943,1917,1918,17.266508,50,50,0,Open,;
2944,1918,1919,25.247659,50,50,0,Open,;
2945,1919,1920,23.289525,50,50,0,Open,;
2946,990,991,20.736371,150,52,0,Open,;
2947,991,992,20.512857,150,52,0,Open,;
2948,692,157,57.279337,60,132,0,Open,;
2949,992,971,3.904346,150,52,0,Open,;
2950,993,994,16.167174,50,50,0,Open,;
2951,994,995,16.492322,50,50,0,Open,;
2952,995,996,18.855641,50,50,0,Open,;
2953,1962,1963,15.322667,32,135,0,Open,;
2954,996,997,18.262301,50,50,0,Open,;
2955,999,1000,15.799089,50,50,0,Open,;
2956,1000,1001,20.355038,50,50,0,Open,;
2957,1001,1002,21.892533,50,50,0,Open,;
2958,1002,1003,21.415811,50,50,0,Open,;
2959,1003,1004,17.70947,50,50,0,Open,;
2960,85,1830,3.509827,50,50,0,Open,;
2961,1920,1921,13.320058,50,50,0,Open,;
2962,997,998,13.762325,50,50,0,Open,;
2963,1963,1964,15.90975,32,135,0,Open,;
2965,1990,1991,17.397811,32,135,0,Open,;
2966,1980,1979,128.587983,32,135,0,Open,;
2967,1965,1966,18.857051,32,135,0,Open,;
2968,775,1978,2.95507,110,132,0,Open,;
2969,783,1977,2.396222,110,132,0,Open,;
2970,783,1976,100.726804,110,132,0,Open,;
2971,290,1975,3.160108,60,132,0,Open,;
2972,779,782,60.913615,110,132,0,Open,;
2973,724,671,42.250233,85,132,0,Open,;
2974,784,1973,51.87409,110,132,0,Open,;
2975,971,1981,7.280566,75,50,0,Open,;
2976,1973,1974,251.303875,110,132,0,Open,;
2977,1971,1972,117.764063,60,132,0,Open,;
2978,790,1992,27.80501,32,135,0,Open,;
2979,293,1938,2.99032,85,132,0,Open,;
2980,1969,1970,17.341092,32,135,0,Open,;
2981,1968,1969,18.205325,32,135,0,Open,;
2982,1967,1968,23.450908,32,135,0,Open,;
2983,1966,1967,12.783713,32,135,0,Open,;
2984,1994,1990,147.882196,32,135,0,Open,;
2985,980,1994,0.719136,32,135,0,Open,;
2986,1973,1971,6.749757,60,132,0,Open,;
2987,1982,791,134.894141,32,135,0,Open,;
2988,1979,21,15.404461,32,135,0,Open,;
2989,787,790,74.379899,32,135,0,Open,;
2990,1992,1993,19.522658,32,135,0,Open,;
2991,1983,1984,16.354631,85,132,0,Open,;
2992,1995,792,53.005801,85,132,0,Open,;
2993,1996,1997,3.4598,85,132,0,Open,;
2994,20,947,8.683787,32,135,0,Open,;
2995,1964,1965,17.042741,32,135,0,Open,;
2996,1057,1,70.348013,75,50,0,Open,;
2997,1987,1988,20.617167,85,132,0,Open,;
2998,1986,1987,23.525913,85,132,0,Open,;
2999,1985,1986,20.686348,85,132,0,Open,;
3000,1984,1985,22.247336,85,132,0,Open,;
3001,1988,1989,6.318416,85,132,0,Open,;
3002,1871,1872,10.891362,200,54,0,Open,;
3003,1870,1871,0.028249,200,54,0,Open,;
3004,2144,2145,18.569153,200,54,0,Open,;
3005,2143,2144,17.741973,200,54,0,Open,;
3006,1872,1873,18.931886,200,54,0,Open,;
3007,1873,1874,37.533248,200,54,0,Open,;
3008,2219,686,14.590071,200,54,0,Open,;
3009,1875,1876,4.753903,200,54,0,Open,;
3010,2601,1774,16.700468,200,54,0,Open,;
3011,1773,2604,2.845995,200,54,0,Open,;
3012,2604,2605,19.907392,200,54,0,Open,;
3013,2142,2143,24.617428,200,54,0,Open,;
3014,2141,2142,15.206473,200,54,0,Open,;
3015,2140,2141,3.006157,200,54,0,Open,;
3016,2607,2601,4.261127,200,54,0,Open,;
3017,2606,2607,14.898755,200,54,0,Open,;
3018,2605,2606,16.733351,200,54,0,Open,;
3019,1874,1875,17.046626,200,54,0,Open,;
3020,2145,2146,25.687345,200,54,0,Open,;
3021,2506,2507,3.098287,200,54,0,Open,;
3022,2147,1878,11.625688,200,54,0,Open,;
3023,2760,2761,20.400635,200,54,0,Open,;
3024,2761,2762,26.719596,200,54,0,Open,;
3025,2762,2763,19.971906,200,54,0,Open,;
3026,2763,1855,17.916984,200,54,0,Open,;
3027,1855,2469,1.362316,200,54,0,Open,;
3028,1787,1870,21.423844,200,54,0,Open,;
3029,2575,2764,18.592822,200,54,0,Open,;
3030,2764,2765,21.847343,200,54,0,Open,;
3031,2765,2577,10.613367,200,54,0,Open,;
3032,2759,2760,0.398126,200,54,0,Open,;
3033,1854,2476,5.839841,200,54,0,Open,;
3034,1876,2766,18.37948,200,54,0,Open,;
3035,2766,2767,7.745918,200,54,0,Open,;
3036,2767,1773,26.077916,200,54,0,Open,;
3037,2577,1849,4.396034,200,54,0,Open,;
3038,2470,1860,2.384109,200,54,0,Open,;
3039,2471,2472,2.116674,200,54,0,Open,;
3040,2486,2140,1.180973,200,54,0,Open,;
3041,2476,2477,0.828697,200,54,0,Open,;
3042,2612,2613,1.518486,50,50,0,Open,;
3043,2573,2472,4.593331,200,54,0,Open,;
3044,2146,2147,20.038524,200,54,0,Open,;
3045,1868,2759,0.519702,200,54,0,Open,;
3047,1867,1868,11.265036,200,54,0,Open,;
3048,2505,1878,8.850395,200,54,0,Open,;
3049,2504,2505,21.729675,200,54,0,Open,;
3050,2503,2504,10.454579,200,54,0,Open,;
3051,2502,2503,1.085387,200,54,0,Open,;
3052,1265,2608,8.778972,200,54,0,Open,;
3053,2608,1787,17.308542,200,54,0,Open,;
3055,1860,PM.VRP.BRZ.004,21.755275,200,54,0,Open,;
3058,2472,2756,29.476553,200,54,0,Open,;
3059,2756,2575,18.733277,200,54,0,Open,;
3060,2476,2757,26.398449,200,54,0,Open,;
3061,2757,2573,16.736429,200,54,0,Open,;
3067,2498,1850,31.217927,200,54,0,Open,;
3068,1866,1867,12.771449,200,54,0,Open,;
3069,1789,1790,16.079054,200,54,0,Open,;
3070,1864,1865,14.516611,200,54,0,Open,;
3071,2428,2687,10.645349,60,137,0,Open,;
3072,2687,2688,18.431417,60,137,0,Open,;
3073,2688,2678,5.593023,60,137,0,Open,;
3074,2650,2651,17.208661,60,132,0,Open,;
3075,2575,2576,0.344249,200,54,0,Open,;
3076,2690,2502,3.265641,200,54,0,Open,;
3077,1393,2690,13.609282,200,54,0,Open,;
3078,1786,1393,12.16978,200,54,0,Open,;
3079,2673,2691,17.8862,60,137,0,Open,;
3080,2691,2261,37.037716,60,137,0,Open,;
3081,2686,2692,13.873015,60,137,0,Open,;
3082,2692,2693,16.9724,60,137,0,Open,;
3083,2693,2428,24.692616,60,137,0,Open,;
3084,2679,2694,1.441038,60,137,0,Open,;
3085,2694,2695,9.412719,60,137,0,Open,;
3086,2685,2686,19.295913,60,137,0,Open,;
3087,2441,2685,16.32583,60,137,0,Open,;
3088,2651,2652,18.494978,60,132,0,Open,;
3089,2652,2653,17.960891,60,132,0,Open,;
3090,503,1789,10.035305,200,54,0,Open,;
3091,1785,1786,8.464347,200,54,0,Open,;
3092,1784,1785,21.539374,200,54,0,Open,;
3093,1783,1784,14.489317,200,54,0,Open,;
3094,1782,1783,21.926962,200,54,0,Open,;
3095,1781,1782,18.177135,200,54,0,Open,;
3096,1780,1781,19.31772,200,54,0,Open,;
3097,1394,2696,0.403946,150,142,0,Open,;
3098,1779,1780,50.18048,200,54,0,Open,;
3099,2678,2499,0.8322,60,137,0,Open,;
3100,2499,2679,0.387174,60,137,0,Open,;
3101,1777,1778,15.671783,200,54,0,Open,;
3102,1776,1777,24.692393,200,54,0,Open,;
3103,2655,2656,20.425319,60,132,0,Open,;
3104,2654,2655,18.428489,60,132,0,Open,;
3105,2653,2654,14.862118,60,132,0,Open,;
3106,1778,1779,27.624715,200,54,0,Open,;
3107,2696,2697,9.864532,150,142,0,Open,;
3108,2697,2698,4.594209,150,142,0,Open,;
3109,2698,2699,4.594214,150,142,0,Open,;
3110,2598,2599,0.074404,200,54,0,Open,;
3111,2599,2600,1.11861,200,54,0,Open,;
3112,2600,1265,4.368273,200,54,0,Open,;
3113,2601,1861,7.311211,200,54,0,Open,;
3114,1790,1791,15.58345,200,54,0,Open,;
3115,1851,1852,16.177325,200,54,0,Open,;
3116,1852,1853,24.809191,200,54,0,Open,;
3117,2597,2598,14.434491,200,54,0,Open,;
3118,1853,1854,10.761815,200,54,0,Open,;
3119,1856,1857,21.580777,200,54,0,Open,;
3120,1857,1858,19.267311,200,54,0,Open,;
3121,1858,1859,19.527512,200,54,0,Open,;
3122,1859,1860,22.2851,200,54,0,Open,;
3123,1861,1862,7.711231,200,54,0,Open,;
3124,1862,1863,16.193086,200,54,0,Open,;
3125,1863,1864,17.040033,200,54,0,Open,;
3126,1855,1856,4.695449,200,54,0,Open,;
3127,1865,1866,19.267178,200,54,0,Open,;
3128,1791,2597,24.313275,200,54,0,Open,;
3129,2261,2711,12.685181,60,137,0,Open,;
3130,2699,2700,14.909661,150,142,0,Open,;
3131,2700,2701,18.766581,150,142,0,Open,;
3132,2701,2702,16.739244,150,142,0,Open,;
3133,2702,2703,16.436188,150,142,0,Open,;
3134,2703,2704,13.63526,150,142,0,Open,;
3135,2704,2705,19.86913,150,142,0,Open,;
3136,2705,2706,16.133193,150,142,0,Open,;
3137,2711,2712,22.397071,60,137,0,Open,;
3138,2706,2674,9.597158,150,142,0,Open,;
3139,2573,2574,0.579164,200,54,0,Open,;
3140,1854,2572,1.028543,200,54,0,Open,;
3141,2649,2650,16.467428,60,132,0,Open,;
3142,2648,2649,15.6224,60,132,0,Open,;
3143,955,2648,8.228865,60,132,0,Open,;
3144,1775,1776,16.307043,200,54,0,Open,;
3145,1774,1775,11.486851,200,54,0,Open,;
3146,2672,2673,34.60341,60,137,0,Open,;
3147,1338,2612,0.57005,50,50,0,Open,;
3148,EBO.BRZ.001,2478,1,400,71,0,Open,;
3149,RAP.BRZ.001,2148,1,400,71,0,Open,;
7,625,627,3.95,75,50,0,Open,;
12,1647,1649,3.95,75,50,0,Open,;
1343,1645,1646,3.95,75,50,0,Open,;
1454,1642,1644,3.95,75,50,0,Open,;
1992,1657,428,6.61,150,52,0,Open,;
1993,1670,442,10.79,75,50,0,Open,;
2134,763,438,15.85,75,50,0,Open,;
135,2326,2421,25.63,85,135,0,Open,;
136,2636,2615,14.89,110,135,0,Open,;
321,443,444,4.657,75,50,0,Open,;
3150,ERE.BRZ.001,1886,0.1,300,66,0,Open,;
323,2462,2683,10,60,135,0,Open,;
1840,2280,2684,10,60,135,0,Open,;
1863,2279,2423,10,60,135,0,Open,;
13,383,2732,4.8,110,140,0,Open,;
1612,1191,29,3,160,135,0,Open,;
1864,1107,30,14.5,60,132,0,Open,;
1933,30,482,1.499,60,132,0,Open,;
2211,1078,483,46.29,60,132,0,Open,;
2550,1104,1098,46.248,85,132,0,Open,;
2551,1100,2205,123.143,60,132,0,Open,;
2554,455,483,38.37,60,132,0,Open,;
2555,483,1098,128.38,60,132,0,Open,;
2560,1098,2205,45.76,85,132,0,Open,;
2569,2205,1951,51.14,85,132,0,Open,;
3054,2193,1080,2,150,72,0,Open,;
3151,2582,2583,1.75,32,135,0,Open,;
3152,369,370,20,75,59,0,Open,;
3153,2716,369,113.55,100,132,0,Open,;
3154,1989,974,87,85,132,0,Open,;
3155,974,972,6.239,85,132,0,Open,;
3156,975,974,2,50,50,0,Open,;
3157,1057,1998,0.1,75,50,0,Open,;
3158,972,987,70.35,85,132,0,Open,;
3159,2735,2754,3,50,50,0,Open,;
3160,11,2718,3,100,50,0,Open,;
3161,347,1980,1,75,50,0,Open,;
3162,27,2770,46.38,60,132,0,Open,;
3163,1137,2771,46.65,85,132,0,Open,;
3164,1139,2773,173.49,60,132,0,Open,;
3165,1118,2770,37.60,60,132,0,Open,;
3166,2770,2771,132,60,132,0,Open,;
3167,2771,2773,43,85,132,0,Open,;
3168,2773,2774,72.2,85,132,0,Open,;
3169,1147,2776,32.02,110,132,0,Open,;
3170,2776,1140,1,110,132,0,Open,;
3171,2776,2774,1,85,132,0,Open,;
3172,1190,2777,80,60,132,0,Open,;
3174,2777,2778,41.5,60,132,0,Open,;
3,2171,975,2,75,50,0,Open,;
5,365,1062,1,75,50,0,Open,;
8,812,1134,42,60,132,0,Open,;
9,677,1233,103.2,60,132,0,Open,;
1338,1233,675,79.9,60,132,0,Open,;
1339,333,14,115.2,110,132,0,Open,;
1344,14,2,51.1,110,132,0,Open,;
1364,338,337,50,60,132,0,Open,;
1368,2,583,3,110,132,0,Open,;
1376,1157,583,2,110,132,0,Open,;
1377,835,1156,208.32,75,88,0,Open,;
1380,747,749,3.97,150,135,0,Open,;
1399,584,2247,40.4,60,135,0,Open,;
1421,1958,584,1.31,132,100,0,Open,;
1422,584,2248,6,60,135,0,Open,;
1430,800,799,44,75,130,0,Open,;
1439,799,798,51,75,130,0,Open,;
1453,798,797,51,75,130,0,Open,;
1465,797,656,56,75,130,0,Open,;
1468,656,655,54.5,75,130,0,Open,;
1499,655,2730,57.5,75,130,0,Open,;
1506,774,973,2,60,132,0,Open,;
1509,784,973,3,110,132,0,Open,;
155,564,2251,8.8490,60,135,0,Open,;
156,564,2252,8.1959,60,135,0,Open,;
215,835,976,38.81,60,132,0,Open,;
216,2014,2015,3.95,110,132,0,Open,;
1065,2220,2029,0.1,160,135,0,Open,;